Variables;MILP Feasible;result
;180;180
Y0;1;1
Y1;1;1
Y2;1;1
Y3;1;1
Y4;1;1
Y5;1;1
Y6;1;1
Y7;1;1
Y8;1;1
Y9;1;1
Y10;1;1
Y11;1;1
Y12;1;1
Y13;1;1
Y14;1;1
Y15;1;1
Y16;1;1
Y17;1;1
Y18;1;1
Y19;1;1
Y20;1;1
Y21;1;1
Y22;1;1
Y23;1;1
Y24;1;1
Y25;1;1
Y26;1;1
Y27;1;1
Y28;1;1
Y29;1;1
Y30;1;1
Y31;1;1
Y32;1;1
Y33;1;1
Y34;1;1
Y35;1;1
Y36;1;1
Y37;1;1
Y38;1;1
Y39;1;1
Y40;1;1
Y41;1;1
Y42;1;1
Y43;1;1
Y44;1;1
X_0_0_0_0;0;0
X_1_0_0_0;0;0
X_2_0_0_0;0;0
X_3_0_0_0;0;0
X_4_0_0_0;0;0
X_5_0_0_0;0;0
X_6_0_0_0;0;0
X_7_0_0_0;0;0
X_8_0_0_0;0;0
X_9_0_0_0;0;0
X_10_0_0_0;0;0
X_11_0_0_0;0;0
X_12_0_0_0;0;0
X_13_0_0_0;0;0
X_14_0_0_0;0;0
X_15_0_0_0;0;0
X_16_0_0_0;0;0
X_17_0_0_0;0;0
X_18_0_0_0;0;0
X_19_0_0_0;0;0
X_20_0_0_0;0;0
X_21_0_0_0;0;0
X_22_0_0_0;0;0
X_23_0_0_0;0;0
X_24_0_0_0;0;0
X_25_0_0_0;0;0
X_26_0_0_0;0;0
X_27_0_0_0;0;0
X_28_0_0_0;0;0
X_29_0_0_0;0;0
X_30_0_0_0;0;0
X_31_0_0_0;0;0
X_32_0_0_0;0;0
X_33_0_0_0;0;0
X_34_0_0_0;0;0
X_35_0_0_0;0;0
X_36_0_0_0;0;0
X_37_0_0_0;0;0
X_38_0_0_0;0;0
X_39_0_0_0;1;1
X_40_0_0_0;0;0
X_41_0_0_0;0;0
X_42_0_0_0;0;0
X_43_0_0_0;0;0
X_44_0_0_0;0;0
X_0_0_0_1;0;0
X_1_0_0_1;0;0
X_2_0_0_1;0;0
X_3_0_0_1;0;0
X_4_0_0_1;0;0
X_5_0_0_1;0;0
X_6_0_0_1;0;0
X_7_0_0_1;0;0
X_8_0_0_1;0;0
X_9_0_0_1;0;0
X_10_0_0_1;0;0
X_11_0_0_1;0;0
X_12_0_0_1;0;0
X_13_0_0_1;0;0
X_14_0_0_1;0;0
X_15_0_0_1;0;0
X_16_0_0_1;0;0
X_17_0_0_1;0;0
X_18_0_0_1;0;0
X_19_0_0_1;0;0
X_20_0_0_1;0;0
X_21_0_0_1;0;0
X_22_0_0_1;0;0
X_23_0_0_1;0;0
X_24_0_0_1;0;0
X_25_0_0_1;0;0
X_26_0_0_1;0;0
X_27_0_0_1;0;0
X_28_0_0_1;0;0
X_29_0_0_1;0;0
X_30_0_0_1;0;0
X_31_0_0_1;0;0
X_32_0_0_1;0;0
X_33_0_0_1;1;1
X_34_0_0_1;0;0
X_35_0_0_1;0;0
X_36_0_0_1;0;0
X_37_0_0_1;0;0
X_38_0_0_1;0;0
X_39_0_0_1;0;0
X_40_0_0_1;0;0
X_41_0_0_1;0;0
X_42_0_0_1;0;0
X_43_0_0_1;0;0
X_44_0_0_1;0;0
X_0_0_0_2;0;0
X_1_0_0_2;0;0
X_2_0_0_2;0;0
X_3_0_0_2;0;0
X_4_0_0_2;0;0
X_5_0_0_2;0;0
X_6_0_0_2;0;0
X_7_0_0_2;0;0
X_8_0_0_2;0;0
X_9_0_0_2;0;0
X_10_0_0_2;0;0
X_11_0_0_2;0;0
X_12_0_0_2;0;0
X_13_0_0_2;0;0
X_14_0_0_2;0;0
X_15_0_0_2;0;0
X_16_0_0_2;0;0
X_17_0_0_2;0;0
X_18_0_0_2;1;1
X_19_0_0_2;0;0
X_20_0_0_2;0;0
X_21_0_0_2;0;0
X_22_0_0_2;0;0
X_23_0_0_2;0;0
X_24_0_0_2;0;0
X_25_0_0_2;0;0
X_26_0_0_2;0;0
X_27_0_0_2;0;0
X_28_0_0_2;0;0
X_29_0_0_2;0;0
X_30_0_0_2;0;0
X_31_0_0_2;0;0
X_32_0_0_2;0;0
X_33_0_0_2;0;0
X_34_0_0_2;0;0
X_35_0_0_2;0;0
X_36_0_0_2;0;0
X_37_0_0_2;0;0
X_38_0_0_2;0;0
X_39_0_0_2;0;0
X_40_0_0_2;0;0
X_41_0_0_2;0;0
X_42_0_0_2;0;0
X_43_0_0_2;0;0
X_44_0_0_2;0;0
X_0_0_0_3;0;0
X_1_0_0_3;0;0
X_2_0_0_3;0;0
X_3_0_0_3;0;0
X_4_0_0_3;0;0
X_5_0_0_3;0;0
X_6_0_0_3;0;0
X_7_0_0_3;0;0
X_8_0_0_3;0;0
X_9_0_0_3;0;0
X_10_0_0_3;0;0
X_11_0_0_3;0;0
X_12_0_0_3;0;0
X_13_0_0_3;0;0
X_14_0_0_3;0;0
X_15_0_0_3;0;0
X_16_0_0_3;0;0
X_17_0_0_3;0;0
X_18_0_0_3;0;0
X_19_0_0_3;0;0
X_20_0_0_3;0;0
X_21_0_0_3;0;0
X_22_0_0_3;0;0
X_23_0_0_3;0;0
X_24_0_0_3;0;0
X_25_0_0_3;0;0
X_26_0_0_3;0;0
X_27_0_0_3;0;0
X_28_0_0_3;1;1
X_29_0_0_3;0;0
X_30_0_0_3;0;0
X_31_0_0_3;0;0
X_32_0_0_3;0;0
X_33_0_0_3;0;0
X_34_0_0_3;0;0
X_35_0_0_3;0;0
X_36_0_0_3;0;0
X_37_0_0_3;0;0
X_38_0_0_3;0;0
X_39_0_0_3;0;0
X_40_0_0_3;0;0
X_41_0_0_3;0;0
X_42_0_0_3;0;0
X_43_0_0_3;0;0
X_44_0_0_3;0;0
X_0_0_0_4;0;0
X_1_0_0_4;0;0
X_2_0_0_4;0;0
X_3_0_0_4;0;0
X_4_0_0_4;0;0
X_5_0_0_4;0;0
X_6_0_0_4;0;0
X_7_0_0_4;0;0
X_8_0_0_4;0;0
X_9_0_0_4;0;0
X_10_0_0_4;0;0
X_11_0_0_4;0;0
X_12_0_0_4;0;0
X_13_0_0_4;0;0
X_14_0_0_4;0;0
X_15_0_0_4;0;0
X_16_0_0_4;0;0
X_17_0_0_4;0;0
X_18_0_0_4;0;0
X_19_0_0_4;0;0
X_20_0_0_4;0;0
X_21_0_0_4;0;0
X_22_0_0_4;0;0
X_23_0_0_4;0;0
X_24_0_0_4;0;0
X_25_0_0_4;0;0
X_26_0_0_4;0;0
X_27_0_0_4;0;0
X_28_0_0_4;1;1
X_29_0_0_4;0;0
X_30_0_0_4;0;0
X_31_0_0_4;0;0
X_32_0_0_4;0;0
X_33_0_0_4;0;0
X_34_0_0_4;0;0
X_35_0_0_4;0;0
X_36_0_0_4;0;0
X_37_0_0_4;0;0
X_38_0_0_4;0;0
X_39_0_0_4;0;0
X_40_0_0_4;0;0
X_41_0_0_4;0;0
X_42_0_0_4;0;0
X_43_0_0_4;0;0
X_44_0_0_4;0;0
X_0_0_0_5;0;0
X_1_0_0_5;0;0
X_2_0_0_5;0;0
X_3_0_0_5;0;0
X_4_0_0_5;0;0
X_5_0_0_5;0;0
X_6_0_0_5;0;0
X_7_0_0_5;0;0
X_8_0_0_5;0;0
X_9_0_0_5;0;0
X_10_0_0_5;1;1
X_11_0_0_5;0;0
X_12_0_0_5;0;0
X_13_0_0_5;0;0
X_14_0_0_5;0;0
X_15_0_0_5;0;0
X_16_0_0_5;0;0
X_17_0_0_5;0;0
X_18_0_0_5;0;0
X_19_0_0_5;0;0
X_20_0_0_5;0;0
X_21_0_0_5;0;0
X_22_0_0_5;0;0
X_23_0_0_5;0;0
X_24_0_0_5;0;0
X_25_0_0_5;0;0
X_26_0_0_5;0;0
X_27_0_0_5;0;0
X_28_0_0_5;0;0
X_29_0_0_5;0;0
X_30_0_0_5;0;0
X_31_0_0_5;0;0
X_32_0_0_5;0;0
X_33_0_0_5;0;0
X_34_0_0_5;0;0
X_35_0_0_5;0;0
X_36_0_0_5;0;0
X_37_0_0_5;0;0
X_38_0_0_5;0;0
X_39_0_0_5;0;0
X_40_0_0_5;0;0
X_41_0_0_5;0;0
X_42_0_0_5;0;0
X_43_0_0_5;0;0
X_44_0_0_5;0;0
X_0_0_0_6;0;0
X_1_0_0_6;0;0
X_2_0_0_6;0;0
X_3_0_0_6;0;0
X_4_0_0_6;0;0
X_5_0_0_6;0;0
X_6_0_0_6;0;0
X_7_0_0_6;0;0
X_8_0_0_6;0;0
X_9_0_0_6;0;0
X_10_0_0_6;1;1
X_11_0_0_6;0;0
X_12_0_0_6;0;0
X_13_0_0_6;0;0
X_14_0_0_6;0;0
X_15_0_0_6;0;0
X_16_0_0_6;0;0
X_17_0_0_6;0;0
X_18_0_0_6;0;0
X_19_0_0_6;0;0
X_20_0_0_6;0;0
X_21_0_0_6;0;0
X_22_0_0_6;0;0
X_23_0_0_6;0;0
X_24_0_0_6;0;0
X_25_0_0_6;0;0
X_26_0_0_6;0;0
X_27_0_0_6;0;0
X_28_0_0_6;0;0
X_29_0_0_6;0;0
X_30_0_0_6;0;0
X_31_0_0_6;0;0
X_32_0_0_6;0;0
X_33_0_0_6;0;0
X_34_0_0_6;0;0
X_35_0_0_6;0;0
X_36_0_0_6;0;0
X_37_0_0_6;0;0
X_38_0_0_6;0;0
X_39_0_0_6;0;0
X_40_0_0_6;0;0
X_41_0_0_6;0;0
X_42_0_0_6;0;0
X_43_0_0_6;0;0
X_44_0_0_6;0;0
X_0_0_1_0;0;0
X_1_0_1_0;0;0
X_2_0_1_0;0;0
X_3_0_1_0;0;0
X_4_0_1_0;0;0
X_5_0_1_0;0;0
X_6_0_1_0;0;0
X_7_0_1_0;0;0
X_8_0_1_0;0;0
X_9_0_1_0;0;0
X_10_0_1_0;0;0
X_11_0_1_0;0;0
X_12_0_1_0;1;1
X_13_0_1_0;0;0
X_14_0_1_0;0;0
X_15_0_1_0;0;0
X_16_0_1_0;0;0
X_17_0_1_0;0;0
X_18_0_1_0;0;0
X_19_0_1_0;0;0
X_20_0_1_0;0;0
X_21_0_1_0;0;0
X_22_0_1_0;0;0
X_23_0_1_0;0;0
X_24_0_1_0;0;0
X_25_0_1_0;0;0
X_26_0_1_0;0;0
X_27_0_1_0;0;0
X_28_0_1_0;0;0
X_29_0_1_0;0;0
X_30_0_1_0;0;0
X_31_0_1_0;0;0
X_32_0_1_0;0;0
X_33_0_1_0;0;0
X_34_0_1_0;0;0
X_35_0_1_0;0;0
X_36_0_1_0;0;0
X_37_0_1_0;0;0
X_38_0_1_0;0;0
X_39_0_1_0;0;0
X_40_0_1_0;0;0
X_41_0_1_0;0;0
X_42_0_1_0;0;0
X_43_0_1_0;0;0
X_44_0_1_0;0;0
X_0_0_1_1;0;0
X_1_0_1_1;0;0
X_2_0_1_1;0;0
X_3_0_1_1;0;0
X_4_0_1_1;0;0
X_5_0_1_1;0;0
X_6_0_1_1;0;0
X_7_0_1_1;0;0
X_8_0_1_1;0;0
X_9_0_1_1;0;0
X_10_0_1_1;0;0
X_11_0_1_1;0;0
X_12_0_1_1;0;0
X_13_0_1_1;0;0
X_14_0_1_1;0;0
X_15_0_1_1;0;0
X_16_0_1_1;0;0
X_17_0_1_1;0;0
X_18_0_1_1;0;0
X_19_0_1_1;0;0
X_20_0_1_1;0;0
X_21_0_1_1;0;0
X_22_0_1_1;0;0
X_23_0_1_1;0;0
X_24_0_1_1;0;0
X_25_0_1_1;0;0
X_26_0_1_1;0;0
X_27_0_1_1;0;0
X_28_0_1_1;0;0
X_29_0_1_1;0;0
X_30_0_1_1;0;0
X_31_0_1_1;0;0
X_32_0_1_1;0;0
X_33_0_1_1;0;0
X_34_0_1_1;0;0
X_35_0_1_1;1;1
X_36_0_1_1;0;0
X_37_0_1_1;0;0
X_38_0_1_1;0;0
X_39_0_1_1;0;0
X_40_0_1_1;0;0
X_41_0_1_1;0;0
X_42_0_1_1;0;0
X_43_0_1_1;0;0
X_44_0_1_1;0;0
X_0_0_1_2;0;0
X_1_0_1_2;0;0
X_2_0_1_2;0;0
X_3_0_1_2;0;0
X_4_0_1_2;0;0
X_5_0_1_2;0;0
X_6_0_1_2;0;0
X_7_0_1_2;1;1
X_8_0_1_2;0;0
X_9_0_1_2;0;0
X_10_0_1_2;0;0
X_11_0_1_2;0;0
X_12_0_1_2;0;0
X_13_0_1_2;0;0
X_14_0_1_2;0;0
X_15_0_1_2;0;0
X_16_0_1_2;0;0
X_17_0_1_2;0;0
X_18_0_1_2;0;0
X_19_0_1_2;0;0
X_20_0_1_2;0;0
X_21_0_1_2;0;0
X_22_0_1_2;0;0
X_23_0_1_2;0;0
X_24_0_1_2;0;0
X_25_0_1_2;0;0
X_26_0_1_2;0;0
X_27_0_1_2;0;0
X_28_0_1_2;0;0
X_29_0_1_2;0;0
X_30_0_1_2;0;0
X_31_0_1_2;0;0
X_32_0_1_2;0;0
X_33_0_1_2;0;0
X_34_0_1_2;0;0
X_35_0_1_2;0;0
X_36_0_1_2;0;0
X_37_0_1_2;0;0
X_38_0_1_2;0;0
X_39_0_1_2;0;0
X_40_0_1_2;0;0
X_41_0_1_2;0;0
X_42_0_1_2;0;0
X_43_0_1_2;0;0
X_44_0_1_2;0;0
X_0_0_1_3;0;0
X_1_0_1_3;0;0
X_2_0_1_3;0;0
X_3_0_1_3;0;0
X_4_0_1_3;0;0
X_5_0_1_3;0;0
X_6_0_1_3;0;0
X_7_0_1_3;0;0
X_8_0_1_3;0;0
X_9_0_1_3;0;0
X_10_0_1_3;0;0
X_11_0_1_3;0;0
X_12_0_1_3;0;0
X_13_0_1_3;0;0
X_14_0_1_3;0;0
X_15_0_1_3;0;0
X_16_0_1_3;0;0
X_17_0_1_3;0;0
X_18_0_1_3;0;0
X_19_0_1_3;0;0
X_20_0_1_3;0;0
X_21_0_1_3;0;0
X_22_0_1_3;0;0
X_23_0_1_3;0;0
X_24_0_1_3;0;0
X_25_0_1_3;0;0
X_26_0_1_3;0;0
X_27_0_1_3;0;0
X_28_0_1_3;0;0
X_29_0_1_3;0;0
X_30_0_1_3;0;0
X_31_0_1_3;0;0
X_32_0_1_3;0;0
X_33_0_1_3;0;0
X_34_0_1_3;0;0
X_35_0_1_3;0;0
X_36_0_1_3;0;0
X_37_0_1_3;0;0
X_38_0_1_3;0;0
X_39_0_1_3;0;0
X_40_0_1_3;0;0
X_41_0_1_3;1;1
X_42_0_1_3;0;0
X_43_0_1_3;0;0
X_44_0_1_3;0;0
X_0_0_1_4;0;0
X_1_0_1_4;0;0
X_2_0_1_4;0;0
X_3_0_1_4;0;0
X_4_0_1_4;0;0
X_5_0_1_4;0;0
X_6_0_1_4;0;0
X_7_0_1_4;0;0
X_8_0_1_4;0;0
X_9_0_1_4;0;0
X_10_0_1_4;0;0
X_11_0_1_4;0;0
X_12_0_1_4;0;0
X_13_0_1_4;0;0
X_14_0_1_4;0;0
X_15_0_1_4;0;0
X_16_0_1_4;0;0
X_17_0_1_4;0;0
X_18_0_1_4;0;0
X_19_0_1_4;0;0
X_20_0_1_4;0;0
X_21_0_1_4;0;0
X_22_0_1_4;0;0
X_23_0_1_4;0;0
X_24_0_1_4;0;0
X_25_0_1_4;0;0
X_26_0_1_4;0;0
X_27_0_1_4;0;0
X_28_0_1_4;0;0
X_29_0_1_4;0;0
X_30_0_1_4;1;1
X_31_0_1_4;0;0
X_32_0_1_4;0;0
X_33_0_1_4;0;0
X_34_0_1_4;0;0
X_35_0_1_4;0;0
X_36_0_1_4;0;0
X_37_0_1_4;0;0
X_38_0_1_4;0;0
X_39_0_1_4;0;0
X_40_0_1_4;0;0
X_41_0_1_4;0;0
X_42_0_1_4;0;0
X_43_0_1_4;0;0
X_44_0_1_4;0;0
X_0_0_1_5;0;0
X_1_0_1_5;0;0
X_2_0_1_5;0;0
X_3_0_1_5;0;0
X_4_0_1_5;0;0
X_5_0_1_5;0;0
X_6_0_1_5;0;0
X_7_0_1_5;0;0
X_8_0_1_5;0;0
X_9_0_1_5;0;0
X_10_0_1_5;0;0
X_11_0_1_5;0;0
X_12_0_1_5;0;0
X_13_0_1_5;0;0
X_14_0_1_5;0;0
X_15_0_1_5;0;0
X_16_0_1_5;0;0
X_17_0_1_5;0;0
X_18_0_1_5;0;0
X_19_0_1_5;0;0
X_20_0_1_5;0;0
X_21_0_1_5;0;0
X_22_0_1_5;0;0
X_23_0_1_5;1;1
X_24_0_1_5;0;0
X_25_0_1_5;0;0
X_26_0_1_5;0;0
X_27_0_1_5;0;0
X_28_0_1_5;0;0
X_29_0_1_5;0;0
X_30_0_1_5;0;0
X_31_0_1_5;0;0
X_32_0_1_5;0;0
X_33_0_1_5;0;0
X_34_0_1_5;0;0
X_35_0_1_5;0;0
X_36_0_1_5;0;0
X_37_0_1_5;0;0
X_38_0_1_5;0;0
X_39_0_1_5;0;0
X_40_0_1_5;0;0
X_41_0_1_5;0;0
X_42_0_1_5;0;0
X_43_0_1_5;0;0
X_44_0_1_5;0;0
X_0_0_1_6;0;0
X_1_0_1_6;0;0
X_2_0_1_6;0;0
X_3_0_1_6;0;0
X_4_0_1_6;0;0
X_5_0_1_6;0;0
X_6_0_1_6;0;0
X_7_0_1_6;0;0
X_8_0_1_6;0;0
X_9_0_1_6;0;0
X_10_0_1_6;0;0
X_11_0_1_6;0;0
X_12_0_1_6;0;0
X_13_0_1_6;1;1
X_14_0_1_6;0;0
X_15_0_1_6;0;0
X_16_0_1_6;0;0
X_17_0_1_6;0;0
X_18_0_1_6;0;0
X_19_0_1_6;0;0
X_20_0_1_6;0;0
X_21_0_1_6;0;0
X_22_0_1_6;0;0
X_23_0_1_6;0;0
X_24_0_1_6;0;0
X_25_0_1_6;0;0
X_26_0_1_6;0;0
X_27_0_1_6;0;0
X_28_0_1_6;0;0
X_29_0_1_6;0;0
X_30_0_1_6;0;0
X_31_0_1_6;0;0
X_32_0_1_6;0;0
X_33_0_1_6;0;0
X_34_0_1_6;0;0
X_35_0_1_6;0;0
X_36_0_1_6;0;0
X_37_0_1_6;0;0
X_38_0_1_6;0;0
X_39_0_1_6;0;0
X_40_0_1_6;0;0
X_41_0_1_6;0;0
X_42_0_1_6;0;0
X_43_0_1_6;0;0
X_44_0_1_6;0;0
X_0_0_2_0;0;0
X_1_0_2_0;0;0
X_2_0_2_0;0;0
X_3_0_2_0;0;0
X_4_0_2_0;0;0
X_5_0_2_0;0;0
X_6_0_2_0;0;0
X_7_0_2_0;0;0
X_8_0_2_0;1;1
X_9_0_2_0;0;0
X_10_0_2_0;0;0
X_11_0_2_0;0;0
X_12_0_2_0;0;0
X_13_0_2_0;0;0
X_14_0_2_0;0;0
X_15_0_2_0;0;0
X_16_0_2_0;0;0
X_17_0_2_0;0;0
X_18_0_2_0;0;0
X_19_0_2_0;0;0
X_20_0_2_0;0;0
X_21_0_2_0;0;0
X_22_0_2_0;0;0
X_23_0_2_0;0;0
X_24_0_2_0;0;0
X_25_0_2_0;0;0
X_26_0_2_0;0;0
X_27_0_2_0;0;0
X_28_0_2_0;0;0
X_29_0_2_0;0;0
X_30_0_2_0;0;0
X_31_0_2_0;0;0
X_32_0_2_0;0;0
X_33_0_2_0;0;0
X_34_0_2_0;0;0
X_35_0_2_0;0;0
X_36_0_2_0;0;0
X_37_0_2_0;0;0
X_38_0_2_0;0;0
X_39_0_2_0;0;0
X_40_0_2_0;0;0
X_41_0_2_0;0;0
X_42_0_2_0;0;0
X_43_0_2_0;0;0
X_44_0_2_0;0;0
X_0_0_2_1;0;0
X_1_0_2_1;0;0
X_2_0_2_1;0;0
X_3_0_2_1;0;0
X_4_0_2_1;0;0
X_5_0_2_1;0;0
X_6_0_2_1;1;1
X_7_0_2_1;0;0
X_8_0_2_1;0;0
X_9_0_2_1;0;0
X_10_0_2_1;0;0
X_11_0_2_1;0;0
X_12_0_2_1;0;0
X_13_0_2_1;0;0
X_14_0_2_1;0;0
X_15_0_2_1;0;0
X_16_0_2_1;0;0
X_17_0_2_1;0;0
X_18_0_2_1;0;0
X_19_0_2_1;0;0
X_20_0_2_1;0;0
X_21_0_2_1;0;0
X_22_0_2_1;0;0
X_23_0_2_1;0;0
X_24_0_2_1;0;0
X_25_0_2_1;0;0
X_26_0_2_1;0;0
X_27_0_2_1;0;0
X_28_0_2_1;0;0
X_29_0_2_1;0;0
X_30_0_2_1;0;0
X_31_0_2_1;0;0
X_32_0_2_1;0;0
X_33_0_2_1;0;0
X_34_0_2_1;0;0
X_35_0_2_1;0;0
X_36_0_2_1;0;0
X_37_0_2_1;0;0
X_38_0_2_1;0;0
X_39_0_2_1;0;0
X_40_0_2_1;0;0
X_41_0_2_1;0;0
X_42_0_2_1;0;0
X_43_0_2_1;0;0
X_44_0_2_1;0;0
X_0_0_2_2;0;0
X_1_0_2_2;0;0
X_2_0_2_2;0;0
X_3_0_2_2;0;0
X_4_0_2_2;0;0
X_5_0_2_2;0;0
X_6_0_2_2;1;1
X_7_0_2_2;0;0
X_8_0_2_2;0;0
X_9_0_2_2;0;0
X_10_0_2_2;0;0
X_11_0_2_2;0;0
X_12_0_2_2;0;0
X_13_0_2_2;0;0
X_14_0_2_2;0;0
X_15_0_2_2;0;0
X_16_0_2_2;0;0
X_17_0_2_2;0;0
X_18_0_2_2;0;0
X_19_0_2_2;0;0
X_20_0_2_2;0;0
X_21_0_2_2;0;0
X_22_0_2_2;0;0
X_23_0_2_2;0;0
X_24_0_2_2;0;0
X_25_0_2_2;0;0
X_26_0_2_2;0;0
X_27_0_2_2;0;0
X_28_0_2_2;0;0
X_29_0_2_2;0;0
X_30_0_2_2;0;0
X_31_0_2_2;0;0
X_32_0_2_2;0;0
X_33_0_2_2;0;0
X_34_0_2_2;0;0
X_35_0_2_2;0;0
X_36_0_2_2;0;0
X_37_0_2_2;0;0
X_38_0_2_2;0;0
X_39_0_2_2;0;0
X_40_0_2_2;0;0
X_41_0_2_2;0;0
X_42_0_2_2;0;0
X_43_0_2_2;0;0
X_44_0_2_2;0;0
X_0_0_2_3;0;0
X_1_0_2_3;0;0
X_2_0_2_3;0;0
X_3_0_2_3;0;0
X_4_0_2_3;0;0
X_5_0_2_3;0;0
X_6_0_2_3;0;0
X_7_0_2_3;0;0
X_8_0_2_3;0;0
X_9_0_2_3;0;0
X_10_0_2_3;0;0
X_11_0_2_3;0;0
X_12_0_2_3;0;0
X_13_0_2_3;0;0
X_14_0_2_3;0;0
X_15_0_2_3;0;0
X_16_0_2_3;0;0
X_17_0_2_3;0;0
X_18_0_2_3;0;0
X_19_0_2_3;0;0
X_20_0_2_3;0;0
X_21_0_2_3;0;0
X_22_0_2_3;0;0
X_23_0_2_3;0;0
X_24_0_2_3;0;0
X_25_0_2_3;0;0
X_26_0_2_3;0;0
X_27_0_2_3;0;0
X_28_0_2_3;0;0
X_29_0_2_3;0;0
X_30_0_2_3;0;0
X_31_0_2_3;0;0
X_32_0_2_3;0;0
X_33_0_2_3;0;0
X_34_0_2_3;0;0
X_35_0_2_3;0;0
X_36_0_2_3;0;0
X_37_0_2_3;0;0
X_38_0_2_3;0;0
X_39_0_2_3;0;0
X_40_0_2_3;0;0
X_41_0_2_3;0;0
X_42_0_2_3;1;1
X_43_0_2_3;0;0
X_44_0_2_3;0;0
X_0_0_2_4;0;0
X_1_0_2_4;0;0
X_2_0_2_4;0;0
X_3_0_2_4;0;0
X_4_0_2_4;0;0
X_5_0_2_4;0;0
X_6_0_2_4;0;0
X_7_0_2_4;0;0
X_8_0_2_4;0;0
X_9_0_2_4;0;0
X_10_0_2_4;0;0
X_11_0_2_4;0;0
X_12_0_2_4;0;0
X_13_0_2_4;0;0
X_14_0_2_4;0;0
X_15_0_2_4;0;0
X_16_0_2_4;0;0
X_17_0_2_4;0;0
X_18_0_2_4;0;0
X_19_0_2_4;0;0
X_20_0_2_4;0;0
X_21_0_2_4;0;0
X_22_0_2_4;0;0
X_23_0_2_4;0;0
X_24_0_2_4;0;0
X_25_0_2_4;0;0
X_26_0_2_4;0;0
X_27_0_2_4;0;0
X_28_0_2_4;0;0
X_29_0_2_4;0;0
X_30_0_2_4;0;0
X_31_0_2_4;0;0
X_32_0_2_4;0;0
X_33_0_2_4;0;0
X_34_0_2_4;0;0
X_35_0_2_4;0;0
X_36_0_2_4;0;0
X_37_0_2_4;1;1
X_38_0_2_4;0;0
X_39_0_2_4;0;0
X_40_0_2_4;0;0
X_41_0_2_4;0;0
X_42_0_2_4;0;0
X_43_0_2_4;0;0
X_44_0_2_4;0;0
X_0_0_2_5;0;0
X_1_0_2_5;0;0
X_2_0_2_5;0;0
X_3_0_2_5;0;0
X_4_0_2_5;0;0
X_5_0_2_5;0;0
X_6_0_2_5;0;0
X_7_0_2_5;0;0
X_8_0_2_5;0;0
X_9_0_2_5;0;0
X_10_0_2_5;0;0
X_11_0_2_5;0;0
X_12_0_2_5;0;0
X_13_0_2_5;0;0
X_14_0_2_5;0;0
X_15_0_2_5;0;0
X_16_0_2_5;0;0
X_17_0_2_5;1;1
X_18_0_2_5;0;0
X_19_0_2_5;0;0
X_20_0_2_5;0;0
X_21_0_2_5;0;0
X_22_0_2_5;0;0
X_23_0_2_5;0;0
X_24_0_2_5;0;0
X_25_0_2_5;0;0
X_26_0_2_5;0;0
X_27_0_2_5;0;0
X_28_0_2_5;0;0
X_29_0_2_5;0;0
X_30_0_2_5;0;0
X_31_0_2_5;0;0
X_32_0_2_5;0;0
X_33_0_2_5;0;0
X_34_0_2_5;0;0
X_35_0_2_5;0;0
X_36_0_2_5;0;0
X_37_0_2_5;0;0
X_38_0_2_5;0;0
X_39_0_2_5;0;0
X_40_0_2_5;0;0
X_41_0_2_5;0;0
X_42_0_2_5;0;0
X_43_0_2_5;0;0
X_44_0_2_5;0;0
X_0_0_2_6;0;0
X_1_0_2_6;0;0
X_2_0_2_6;1;1
X_3_0_2_6;0;0
X_4_0_2_6;0;0
X_5_0_2_6;0;0
X_6_0_2_6;0;0
X_7_0_2_6;0;0
X_8_0_2_6;0;0
X_9_0_2_6;0;0
X_10_0_2_6;0;0
X_11_0_2_6;0;0
X_12_0_2_6;0;0
X_13_0_2_6;0;0
X_14_0_2_6;0;0
X_15_0_2_6;0;0
X_16_0_2_6;0;0
X_17_0_2_6;0;0
X_18_0_2_6;0;0
X_19_0_2_6;0;0
X_20_0_2_6;0;0
X_21_0_2_6;0;0
X_22_0_2_6;0;0
X_23_0_2_6;0;0
X_24_0_2_6;0;0
X_25_0_2_6;0;0
X_26_0_2_6;0;0
X_27_0_2_6;0;0
X_28_0_2_6;0;0
X_29_0_2_6;0;0
X_30_0_2_6;0;0
X_31_0_2_6;0;0
X_32_0_2_6;0;0
X_33_0_2_6;0;0
X_34_0_2_6;0;0
X_35_0_2_6;0;0
X_36_0_2_6;0;0
X_37_0_2_6;0;0
X_38_0_2_6;0;0
X_39_0_2_6;0;0
X_40_0_2_6;0;0
X_41_0_2_6;0;0
X_42_0_2_6;0;0
X_43_0_2_6;0;0
X_44_0_2_6;0;0
X_0_0_3_0;0;0
X_1_0_3_0;0;0
X_2_0_3_0;0;0
X_3_0_3_0;0;0
X_4_0_3_0;0;0
X_5_0_3_0;0;0
X_6_0_3_0;0;0
X_7_0_3_0;0;0
X_8_0_3_0;0;0
X_9_0_3_0;0;0
X_10_0_3_0;0;0
X_11_0_3_0;0;0
X_12_0_3_0;0;0
X_13_0_3_0;0;0
X_14_0_3_0;0;0
X_15_0_3_0;1;1
X_16_0_3_0;0;0
X_17_0_3_0;0;0
X_18_0_3_0;0;0
X_19_0_3_0;0;0
X_20_0_3_0;0;0
X_21_0_3_0;0;0
X_22_0_3_0;0;0
X_23_0_3_0;0;0
X_24_0_3_0;0;0
X_25_0_3_0;0;0
X_26_0_3_0;0;0
X_27_0_3_0;0;0
X_28_0_3_0;0;0
X_29_0_3_0;0;0
X_30_0_3_0;0;0
X_31_0_3_0;0;0
X_32_0_3_0;0;0
X_33_0_3_0;0;0
X_34_0_3_0;0;0
X_35_0_3_0;0;0
X_36_0_3_0;0;0
X_37_0_3_0;0;0
X_38_0_3_0;0;0
X_39_0_3_0;0;0
X_40_0_3_0;0;0
X_41_0_3_0;0;0
X_42_0_3_0;0;0
X_43_0_3_0;0;0
X_44_0_3_0;0;0
X_0_0_3_1;0;0
X_1_0_3_1;0;0
X_2_0_3_1;0;0
X_3_0_3_1;0;0
X_4_0_3_1;0;0
X_5_0_3_1;0;0
X_6_0_3_1;0;0
X_7_0_3_1;0;0
X_8_0_3_1;0;0
X_9_0_3_1;0;0
X_10_0_3_1;0;0
X_11_0_3_1;0;0
X_12_0_3_1;0;0
X_13_0_3_1;0;0
X_14_0_3_1;0;0
X_15_0_3_1;0;0
X_16_0_3_1;1;1
X_17_0_3_1;0;0
X_18_0_3_1;0;0
X_19_0_3_1;0;0
X_20_0_3_1;0;0
X_21_0_3_1;0;0
X_22_0_3_1;0;0
X_23_0_3_1;0;0
X_24_0_3_1;0;0
X_25_0_3_1;0;0
X_26_0_3_1;0;0
X_27_0_3_1;0;0
X_28_0_3_1;0;0
X_29_0_3_1;0;0
X_30_0_3_1;0;0
X_31_0_3_1;0;0
X_32_0_3_1;0;0
X_33_0_3_1;0;0
X_34_0_3_1;0;0
X_35_0_3_1;0;0
X_36_0_3_1;0;0
X_37_0_3_1;0;0
X_38_0_3_1;0;0
X_39_0_3_1;0;0
X_40_0_3_1;0;0
X_41_0_3_1;0;0
X_42_0_3_1;0;0
X_43_0_3_1;0;0
X_44_0_3_1;0;0
X_0_0_3_2;0;0
X_1_0_3_2;0;0
X_2_0_3_2;0;0
X_3_0_3_2;0;0
X_4_0_3_2;0;0
X_5_0_3_2;0;0
X_6_0_3_2;0;0
X_7_0_3_2;0;0
X_8_0_3_2;0;0
X_9_0_3_2;0;0
X_10_0_3_2;0;0
X_11_0_3_2;0;0
X_12_0_3_2;0;0
X_13_0_3_2;0;0
X_14_0_3_2;0;0
X_15_0_3_2;0;0
X_16_0_3_2;0;0
X_17_0_3_2;0;0
X_18_0_3_2;0;0
X_19_0_3_2;0;0
X_20_0_3_2;0;0
X_21_0_3_2;0;0
X_22_0_3_2;0;0
X_23_0_3_2;0;0
X_24_0_3_2;0;0
X_25_0_3_2;0;0
X_26_0_3_2;0;0
X_27_0_3_2;0;0
X_28_0_3_2;0;0
X_29_0_3_2;0;0
X_30_0_3_2;0;0
X_31_0_3_2;0;0
X_32_0_3_2;0;0
X_33_0_3_2;0;0
X_34_0_3_2;0;0
X_35_0_3_2;0;0
X_36_0_3_2;0;0
X_37_0_3_2;0;0
X_38_0_3_2;0;0
X_39_0_3_2;0;0
X_40_0_3_2;0;0
X_41_0_3_2;0;0
X_42_0_3_2;0;0
X_43_0_3_2;1;1
X_44_0_3_2;0;0
X_0_0_3_3;0;0
X_1_0_3_3;0;0
X_2_0_3_3;0;0
X_3_0_3_3;0;0
X_4_0_3_3;0;0
X_5_0_3_3;0;0
X_6_0_3_3;0;0
X_7_0_3_3;0;0
X_8_0_3_3;0;0
X_9_0_3_3;0;0
X_10_0_3_3;0;0
X_11_0_3_3;0;0
X_12_0_3_3;0;0
X_13_0_3_3;0;0
X_14_0_3_3;0;0
X_15_0_3_3;0;0
X_16_0_3_3;0;0
X_17_0_3_3;0;0
X_18_0_3_3;0;0
X_19_0_3_3;0;0
X_20_0_3_3;0;0
X_21_0_3_3;0;0
X_22_0_3_3;0;0
X_23_0_3_3;0;0
X_24_0_3_3;0;0
X_25_0_3_3;0;0
X_26_0_3_3;0;0
X_27_0_3_3;0;0
X_28_0_3_3;0;0
X_29_0_3_3;0;0
X_30_0_3_3;0;0
X_31_0_3_3;0;0
X_32_0_3_3;0;0
X_33_0_3_3;0;0
X_34_0_3_3;1;1
X_35_0_3_3;0;0
X_36_0_3_3;0;0
X_37_0_3_3;0;0
X_38_0_3_3;0;0
X_39_0_3_3;0;0
X_40_0_3_3;0;0
X_41_0_3_3;0;0
X_42_0_3_3;0;0
X_43_0_3_3;0;0
X_44_0_3_3;0;0
X_0_0_3_4;0;0
X_1_0_3_4;0;0
X_2_0_3_4;0;0
X_3_0_3_4;0;0
X_4_0_3_4;0;0
X_5_0_3_4;0;0
X_6_0_3_4;0;0
X_7_0_3_4;0;0
X_8_0_3_4;0;0
X_9_0_3_4;0;0
X_10_0_3_4;0;0
X_11_0_3_4;0;0
X_12_0_3_4;0;0
X_13_0_3_4;0;0
X_14_0_3_4;0;0
X_15_0_3_4;0;0
X_16_0_3_4;0;0
X_17_0_3_4;0;0
X_18_0_3_4;0;0
X_19_0_3_4;0;0
X_20_0_3_4;0;0
X_21_0_3_4;1;1
X_22_0_3_4;0;0
X_23_0_3_4;0;0
X_24_0_3_4;0;0
X_25_0_3_4;0;0
X_26_0_3_4;0;0
X_27_0_3_4;0;0
X_28_0_3_4;0;0
X_29_0_3_4;0;0
X_30_0_3_4;0;0
X_31_0_3_4;0;0
X_32_0_3_4;0;0
X_33_0_3_4;0;0
X_34_0_3_4;0;0
X_35_0_3_4;0;0
X_36_0_3_4;0;0
X_37_0_3_4;0;0
X_38_0_3_4;0;0
X_39_0_3_4;0;0
X_40_0_3_4;0;0
X_41_0_3_4;0;0
X_42_0_3_4;0;0
X_43_0_3_4;0;0
X_44_0_3_4;0;0
X_0_0_3_5;0;0
X_1_0_3_5;0;0
X_2_0_3_5;0;0
X_3_0_3_5;0;0
X_4_0_3_5;0;0
X_5_0_3_5;1;1
X_6_0_3_5;0;0
X_7_0_3_5;0;0
X_8_0_3_5;0;0
X_9_0_3_5;0;0
X_10_0_3_5;0;0
X_11_0_3_5;0;0
X_12_0_3_5;0;0
X_13_0_3_5;0;0
X_14_0_3_5;0;0
X_15_0_3_5;0;0
X_16_0_3_5;0;0
X_17_0_3_5;0;0
X_18_0_3_5;0;0
X_19_0_3_5;0;0
X_20_0_3_5;0;0
X_21_0_3_5;0;0
X_22_0_3_5;0;0
X_23_0_3_5;0;0
X_24_0_3_5;0;0
X_25_0_3_5;0;0
X_26_0_3_5;0;0
X_27_0_3_5;0;0
X_28_0_3_5;0;0
X_29_0_3_5;0;0
X_30_0_3_5;0;0
X_31_0_3_5;0;0
X_32_0_3_5;0;0
X_33_0_3_5;0;0
X_34_0_3_5;0;0
X_35_0_3_5;0;0
X_36_0_3_5;0;0
X_37_0_3_5;0;0
X_38_0_3_5;0;0
X_39_0_3_5;0;0
X_40_0_3_5;0;0
X_41_0_3_5;0;0
X_42_0_3_5;0;0
X_43_0_3_5;0;0
X_44_0_3_5;0;0
X_0_0_3_6;0;0
X_1_0_3_6;0;0
X_2_0_3_6;0;0
X_3_0_3_6;0;0
X_4_0_3_6;0;0
X_5_0_3_6;0;0
X_6_0_3_6;0;0
X_7_0_3_6;0;0
X_8_0_3_6;0;0
X_9_0_3_6;0;0
X_10_0_3_6;0;0
X_11_0_3_6;0;0
X_12_0_3_6;0;0
X_13_0_3_6;0;0
X_14_0_3_6;0;0
X_15_0_3_6;0;0
X_16_0_3_6;0;0
X_17_0_3_6;0;0
X_18_0_3_6;0;0
X_19_0_3_6;0;0
X_20_0_3_6;0;0
X_21_0_3_6;0;0
X_22_0_3_6;1;1
X_23_0_3_6;0;0
X_24_0_3_6;0;0
X_25_0_3_6;0;0
X_26_0_3_6;0;0
X_27_0_3_6;0;0
X_28_0_3_6;0;0
X_29_0_3_6;0;0
X_30_0_3_6;0;0
X_31_0_3_6;0;0
X_32_0_3_6;0;0
X_33_0_3_6;0;0
X_34_0_3_6;0;0
X_35_0_3_6;0;0
X_36_0_3_6;0;0
X_37_0_3_6;0;0
X_38_0_3_6;0;0
X_39_0_3_6;0;0
X_40_0_3_6;0;0
X_41_0_3_6;0;0
X_42_0_3_6;0;0
X_43_0_3_6;0;0
X_44_0_3_6;0;0
X_0_0_4_0;1;1
X_1_0_4_0;0;0
X_2_0_4_0;0;0
X_3_0_4_0;0;0
X_4_0_4_0;0;0
X_5_0_4_0;0;0
X_6_0_4_0;0;0
X_7_0_4_0;0;0
X_8_0_4_0;0;0
X_9_0_4_0;0;0
X_10_0_4_0;0;0
X_11_0_4_0;0;0
X_12_0_4_0;0;0
X_13_0_4_0;0;0
X_14_0_4_0;0;0
X_15_0_4_0;0;0
X_16_0_4_0;0;0
X_17_0_4_0;0;0
X_18_0_4_0;0;0
X_19_0_4_0;0;0
X_20_0_4_0;0;0
X_21_0_4_0;0;0
X_22_0_4_0;0;0
X_23_0_4_0;0;0
X_24_0_4_0;0;0
X_25_0_4_0;0;0
X_26_0_4_0;0;0
X_27_0_4_0;0;0
X_28_0_4_0;0;0
X_29_0_4_0;0;0
X_30_0_4_0;0;0
X_31_0_4_0;0;0
X_32_0_4_0;0;0
X_33_0_4_0;0;0
X_34_0_4_0;0;0
X_35_0_4_0;0;0
X_36_0_4_0;0;0
X_37_0_4_0;0;0
X_38_0_4_0;0;0
X_39_0_4_0;0;0
X_40_0_4_0;0;0
X_41_0_4_0;0;0
X_42_0_4_0;0;0
X_43_0_4_0;0;0
X_44_0_4_0;0;0
X_0_0_4_1;0;0
X_1_0_4_1;0;0
X_2_0_4_1;0;0
X_3_0_4_1;0;0
X_4_0_4_1;0;0
X_5_0_4_1;0;0
X_6_0_4_1;0;0
X_7_0_4_1;0;0
X_8_0_4_1;0;0
X_9_0_4_1;0;0
X_10_0_4_1;0;0
X_11_0_4_1;0;0
X_12_0_4_1;0;0
X_13_0_4_1;0;0
X_14_0_4_1;0;0
X_15_0_4_1;0;0
X_16_0_4_1;0;0
X_17_0_4_1;0;0
X_18_0_4_1;0;0
X_19_0_4_1;1;1
X_20_0_4_1;0;0
X_21_0_4_1;0;0
X_22_0_4_1;0;0
X_23_0_4_1;0;0
X_24_0_4_1;0;0
X_25_0_4_1;0;0
X_26_0_4_1;0;0
X_27_0_4_1;0;0
X_28_0_4_1;0;0
X_29_0_4_1;0;0
X_30_0_4_1;0;0
X_31_0_4_1;0;0
X_32_0_4_1;0;0
X_33_0_4_1;0;0
X_34_0_4_1;0;0
X_35_0_4_1;0;0
X_36_0_4_1;0;0
X_37_0_4_1;0;0
X_38_0_4_1;0;0
X_39_0_4_1;0;0
X_40_0_4_1;0;0
X_41_0_4_1;0;0
X_42_0_4_1;0;0
X_43_0_4_1;0;0
X_44_0_4_1;0;0
X_0_0_4_2;0;0
X_1_0_4_2;0;0
X_2_0_4_2;0;0
X_3_0_4_2;0;0
X_4_0_4_2;0;0
X_5_0_4_2;0;0
X_6_0_4_2;0;0
X_7_0_4_2;0;0
X_8_0_4_2;0;0
X_9_0_4_2;0;0
X_10_0_4_2;0;0
X_11_0_4_2;0;0
X_12_0_4_2;0;0
X_13_0_4_2;0;0
X_14_0_4_2;0;0
X_15_0_4_2;0;0
X_16_0_4_2;0;0
X_17_0_4_2;0;0
X_18_0_4_2;0;0
X_19_0_4_2;0;0
X_20_0_4_2;0;0
X_21_0_4_2;0;0
X_22_0_4_2;0;0
X_23_0_4_2;0;0
X_24_0_4_2;0;0
X_25_0_4_2;0;0
X_26_0_4_2;0;0
X_27_0_4_2;0;0
X_28_0_4_2;0;0
X_29_0_4_2;0;0
X_30_0_4_2;0;0
X_31_0_4_2;0;0
X_32_0_4_2;0;0
X_33_0_4_2;0;0
X_34_0_4_2;0;0
X_35_0_4_2;0;0
X_36_0_4_2;1;1
X_37_0_4_2;0;0
X_38_0_4_2;0;0
X_39_0_4_2;0;0
X_40_0_4_2;0;0
X_41_0_4_2;0;0
X_42_0_4_2;0;0
X_43_0_4_2;0;0
X_44_0_4_2;0;0
X_0_0_4_3;0;0
X_1_0_4_3;0;0
X_2_0_4_3;0;0
X_3_0_4_3;0;0
X_4_0_4_3;0;0
X_5_0_4_3;0;0
X_6_0_4_3;0;0
X_7_0_4_3;0;0
X_8_0_4_3;0;0
X_9_0_4_3;0;0
X_10_0_4_3;0;0
X_11_0_4_3;0;0
X_12_0_4_3;0;0
X_13_0_4_3;0;0
X_14_0_4_3;0;0
X_15_0_4_3;0;0
X_16_0_4_3;0;0
X_17_0_4_3;0;0
X_18_0_4_3;0;0
X_19_0_4_3;0;0
X_20_0_4_3;0;0
X_21_0_4_3;0;0
X_22_0_4_3;0;0
X_23_0_4_3;0;0
X_24_0_4_3;0;0
X_25_0_4_3;0;0
X_26_0_4_3;0;0
X_27_0_4_3;0;0
X_28_0_4_3;0;0
X_29_0_4_3;0;0
X_30_0_4_3;0;0
X_31_0_4_3;0;0
X_32_0_4_3;0;0
X_33_0_4_3;0;0
X_34_0_4_3;0;0
X_35_0_4_3;0;0
X_36_0_4_3;1;1
X_37_0_4_3;0;0
X_38_0_4_3;0;0
X_39_0_4_3;0;0
X_40_0_4_3;0;0
X_41_0_4_3;0;0
X_42_0_4_3;0;0
X_43_0_4_3;0;0
X_44_0_4_3;0;0
X_0_0_4_4;0;0
X_1_0_4_4;0;0
X_2_0_4_4;0;0
X_3_0_4_4;0;0
X_4_0_4_4;0;0
X_5_0_4_4;0;0
X_6_0_4_4;0;0
X_7_0_4_4;0;0
X_8_0_4_4;0;0
X_9_0_4_4;0;0
X_10_0_4_4;0;0
X_11_0_4_4;0;0
X_12_0_4_4;0;0
X_13_0_4_4;0;0
X_14_0_4_4;0;0
X_15_0_4_4;0;0
X_16_0_4_4;0;0
X_17_0_4_4;0;0
X_18_0_4_4;0;0
X_19_0_4_4;1;1
X_20_0_4_4;0;0
X_21_0_4_4;0;0
X_22_0_4_4;0;0
X_23_0_4_4;0;0
X_24_0_4_4;0;0
X_25_0_4_4;0;0
X_26_0_4_4;0;0
X_27_0_4_4;0;0
X_28_0_4_4;0;0
X_29_0_4_4;0;0
X_30_0_4_4;0;0
X_31_0_4_4;0;0
X_32_0_4_4;0;0
X_33_0_4_4;0;0
X_34_0_4_4;0;0
X_35_0_4_4;0;0
X_36_0_4_4;0;0
X_37_0_4_4;0;0
X_38_0_4_4;0;0
X_39_0_4_4;0;0
X_40_0_4_4;0;0
X_41_0_4_4;0;0
X_42_0_4_4;0;0
X_43_0_4_4;0;0
X_44_0_4_4;0;0
X_0_0_4_5;0;0
X_1_0_4_5;1;1
X_2_0_4_5;0;0
X_3_0_4_5;0;0
X_4_0_4_5;0;0
X_5_0_4_5;0;0
X_6_0_4_5;0;0
X_7_0_4_5;0;0
X_8_0_4_5;0;0
X_9_0_4_5;0;0
X_10_0_4_5;0;0
X_11_0_4_5;0;0
X_12_0_4_5;0;0
X_13_0_4_5;0;0
X_14_0_4_5;0;0
X_15_0_4_5;0;0
X_16_0_4_5;0;0
X_17_0_4_5;0;0
X_18_0_4_5;0;0
X_19_0_4_5;0;0
X_20_0_4_5;0;0
X_21_0_4_5;0;0
X_22_0_4_5;0;0
X_23_0_4_5;0;0
X_24_0_4_5;0;0
X_25_0_4_5;0;0
X_26_0_4_5;0;0
X_27_0_4_5;0;0
X_28_0_4_5;0;0
X_29_0_4_5;0;0
X_30_0_4_5;0;0
X_31_0_4_5;0;0
X_32_0_4_5;0;0
X_33_0_4_5;0;0
X_34_0_4_5;0;0
X_35_0_4_5;0;0
X_36_0_4_5;0;0
X_37_0_4_5;0;0
X_38_0_4_5;0;0
X_39_0_4_5;0;0
X_40_0_4_5;0;0
X_41_0_4_5;0;0
X_42_0_4_5;0;0
X_43_0_4_5;0;0
X_44_0_4_5;0;0
X_0_0_4_6;0;0
X_1_0_4_6;1;1
X_2_0_4_6;0;0
X_3_0_4_6;0;0
X_4_0_4_6;0;0
X_5_0_4_6;0;0
X_6_0_4_6;0;0
X_7_0_4_6;0;0
X_8_0_4_6;0;0
X_9_0_4_6;0;0
X_10_0_4_6;0;0
X_11_0_4_6;0;0
X_12_0_4_6;0;0
X_13_0_4_6;0;0
X_14_0_4_6;0;0
X_15_0_4_6;0;0
X_16_0_4_6;0;0
X_17_0_4_6;0;0
X_18_0_4_6;0;0
X_19_0_4_6;0;0
X_20_0_4_6;0;0
X_21_0_4_6;0;0
X_22_0_4_6;0;0
X_23_0_4_6;0;0
X_24_0_4_6;0;0
X_25_0_4_6;0;0
X_26_0_4_6;0;0
X_27_0_4_6;0;0
X_28_0_4_6;0;0
X_29_0_4_6;0;0
X_30_0_4_6;0;0
X_31_0_4_6;0;0
X_32_0_4_6;0;0
X_33_0_4_6;0;0
X_34_0_4_6;0;0
X_35_0_4_6;0;0
X_36_0_4_6;0;0
X_37_0_4_6;0;0
X_38_0_4_6;0;0
X_39_0_4_6;0;0
X_40_0_4_6;0;0
X_41_0_4_6;0;0
X_42_0_4_6;0;0
X_43_0_4_6;0;0
X_44_0_4_6;0;0
X_0_1_0_0;0;0
X_1_1_0_0;0;0
X_2_1_0_0;0;0
X_3_1_0_0;0;0
X_4_1_0_0;0;0
X_5_1_0_0;0;0
X_6_1_0_0;0;0
X_7_1_0_0;0;0
X_8_1_0_0;0;0
X_9_1_0_0;0;0
X_10_1_0_0;0;0
X_11_1_0_0;0;0
X_12_1_0_0;0;0
X_13_1_0_0;0;0
X_14_1_0_0;0;0
X_15_1_0_0;0;0
X_16_1_0_0;0;0
X_17_1_0_0;0;0
X_18_1_0_0;0;0
X_19_1_0_0;0;0
X_20_1_0_0;0;0
X_21_1_0_0;0;0
X_22_1_0_0;0;0
X_23_1_0_0;0;0
X_24_1_0_0;0;0
X_25_1_0_0;0;0
X_26_1_0_0;0;0
X_27_1_0_0;0;0
X_28_1_0_0;0;0
X_29_1_0_0;1;1
X_30_1_0_0;0;0
X_31_1_0_0;0;0
X_32_1_0_0;0;0
X_33_1_0_0;0;0
X_34_1_0_0;0;0
X_35_1_0_0;0;0
X_36_1_0_0;0;0
X_37_1_0_0;0;0
X_38_1_0_0;0;0
X_39_1_0_0;0;0
X_40_1_0_0;0;0
X_41_1_0_0;0;0
X_42_1_0_0;0;0
X_43_1_0_0;0;0
X_44_1_0_0;0;0
X_0_1_0_1;0;0
X_1_1_0_1;0;0
X_2_1_0_1;0;0
X_3_1_0_1;0;0
X_4_1_0_1;0;0
X_5_1_0_1;0;0
X_6_1_0_1;0;0
X_7_1_0_1;0;0
X_8_1_0_1;0;0
X_9_1_0_1;0;0
X_10_1_0_1;0;0
X_11_1_0_1;0;0
X_12_1_0_1;0;0
X_13_1_0_1;0;0
X_14_1_0_1;0;0
X_15_1_0_1;0;0
X_16_1_0_1;0;0
X_17_1_0_1;0;0
X_18_1_0_1;0;0
X_19_1_0_1;0;0
X_20_1_0_1;0;0
X_21_1_0_1;0;0
X_22_1_0_1;0;0
X_23_1_0_1;0;0
X_24_1_0_1;0;0
X_25_1_0_1;0;0
X_26_1_0_1;0;0
X_27_1_0_1;1;1
X_28_1_0_1;0;0
X_29_1_0_1;0;0
X_30_1_0_1;0;0
X_31_1_0_1;0;0
X_32_1_0_1;0;0
X_33_1_0_1;0;0
X_34_1_0_1;0;0
X_35_1_0_1;0;0
X_36_1_0_1;0;0
X_37_1_0_1;0;0
X_38_1_0_1;0;0
X_39_1_0_1;0;0
X_40_1_0_1;0;0
X_41_1_0_1;0;0
X_42_1_0_1;0;0
X_43_1_0_1;0;0
X_44_1_0_1;0;0
X_0_1_0_2;0;0
X_1_1_0_2;0;0
X_2_1_0_2;0;0
X_3_1_0_2;0;0
X_4_1_0_2;0;0
X_5_1_0_2;0;0
X_6_1_0_2;0;0
X_7_1_0_2;0;0
X_8_1_0_2;0;0
X_9_1_0_2;0;0
X_10_1_0_2;0;0
X_11_1_0_2;0;0
X_12_1_0_2;0;0
X_13_1_0_2;0;0
X_14_1_0_2;0;0
X_15_1_0_2;0;0
X_16_1_0_2;0;0
X_17_1_0_2;0;0
X_18_1_0_2;0;0
X_19_1_0_2;0;0
X_20_1_0_2;0;0
X_21_1_0_2;0;0
X_22_1_0_2;0;0
X_23_1_0_2;0;0
X_24_1_0_2;0;0
X_25_1_0_2;0;0
X_26_1_0_2;0;0
X_27_1_0_2;0;0
X_28_1_0_2;0;0
X_29_1_0_2;1;1
X_30_1_0_2;0;0
X_31_1_0_2;0;0
X_32_1_0_2;0;0
X_33_1_0_2;0;0
X_34_1_0_2;0;0
X_35_1_0_2;0;0
X_36_1_0_2;0;0
X_37_1_0_2;0;0
X_38_1_0_2;0;0
X_39_1_0_2;0;0
X_40_1_0_2;0;0
X_41_1_0_2;0;0
X_42_1_0_2;0;0
X_43_1_0_2;0;0
X_44_1_0_2;0;0
X_0_1_0_3;0;0
X_1_1_0_3;0;0
X_2_1_0_3;0;0
X_3_1_0_3;0;0
X_4_1_0_3;0;0
X_5_1_0_3;0;0
X_6_1_0_3;0;0
X_7_1_0_3;0;0
X_8_1_0_3;0;0
X_9_1_0_3;0;0
X_10_1_0_3;0;0
X_11_1_0_3;0;0
X_12_1_0_3;0;0
X_13_1_0_3;0;0
X_14_1_0_3;0;0
X_15_1_0_3;0;0
X_16_1_0_3;0;0
X_17_1_0_3;0;0
X_18_1_0_3;0;0
X_19_1_0_3;0;0
X_20_1_0_3;0;0
X_21_1_0_3;0;0
X_22_1_0_3;0;0
X_23_1_0_3;0;0
X_24_1_0_3;0;0
X_25_1_0_3;0;0
X_26_1_0_3;0;0
X_27_1_0_3;1;1
X_28_1_0_3;0;0
X_29_1_0_3;0;0
X_30_1_0_3;0;0
X_31_1_0_3;0;0
X_32_1_0_3;0;0
X_33_1_0_3;0;0
X_34_1_0_3;0;0
X_35_1_0_3;0;0
X_36_1_0_3;0;0
X_37_1_0_3;0;0
X_38_1_0_3;0;0
X_39_1_0_3;0;0
X_40_1_0_3;0;0
X_41_1_0_3;0;0
X_42_1_0_3;0;0
X_43_1_0_3;0;0
X_44_1_0_3;0;0
X_0_1_0_4;0;0
X_1_1_0_4;0;0
X_2_1_0_4;0;0
X_3_1_0_4;0;0
X_4_1_0_4;1;1
X_5_1_0_4;0;0
X_6_1_0_4;0;0
X_7_1_0_4;0;0
X_8_1_0_4;0;0
X_9_1_0_4;0;0
X_10_1_0_4;0;0
X_11_1_0_4;0;0
X_12_1_0_4;0;0
X_13_1_0_4;0;0
X_14_1_0_4;0;0
X_15_1_0_4;0;0
X_16_1_0_4;0;0
X_17_1_0_4;0;0
X_18_1_0_4;0;0
X_19_1_0_4;0;0
X_20_1_0_4;0;0
X_21_1_0_4;0;0
X_22_1_0_4;0;0
X_23_1_0_4;0;0
X_24_1_0_4;0;0
X_25_1_0_4;0;0
X_26_1_0_4;0;0
X_27_1_0_4;0;0
X_28_1_0_4;0;0
X_29_1_0_4;0;0
X_30_1_0_4;0;0
X_31_1_0_4;0;0
X_32_1_0_4;0;0
X_33_1_0_4;0;0
X_34_1_0_4;0;0
X_35_1_0_4;0;0
X_36_1_0_4;0;0
X_37_1_0_4;0;0
X_38_1_0_4;0;0
X_39_1_0_4;0;0
X_40_1_0_4;0;0
X_41_1_0_4;0;0
X_42_1_0_4;0;0
X_43_1_0_4;0;0
X_44_1_0_4;0;0
X_0_1_0_5;0;0
X_1_1_0_5;0;0
X_2_1_0_5;0;0
X_3_1_0_5;0;0
X_4_1_0_5;0;0
X_5_1_0_5;0;0
X_6_1_0_5;0;0
X_7_1_0_5;0;0
X_8_1_0_5;0;0
X_9_1_0_5;0;0
X_10_1_0_5;0;0
X_11_1_0_5;0;0
X_12_1_0_5;0;0
X_13_1_0_5;0;0
X_14_1_0_5;0;0
X_15_1_0_5;0;0
X_16_1_0_5;0;0
X_17_1_0_5;0;0
X_18_1_0_5;0;0
X_19_1_0_5;0;0
X_20_1_0_5;0;0
X_21_1_0_5;0;0
X_22_1_0_5;0;0
X_23_1_0_5;0;0
X_24_1_0_5;0;0
X_25_1_0_5;0;0
X_26_1_0_5;1;1
X_27_1_0_5;0;0
X_28_1_0_5;0;0
X_29_1_0_5;0;0
X_30_1_0_5;0;0
X_31_1_0_5;0;0
X_32_1_0_5;0;0
X_33_1_0_5;0;0
X_34_1_0_5;0;0
X_35_1_0_5;0;0
X_36_1_0_5;0;0
X_37_1_0_5;0;0
X_38_1_0_5;0;0
X_39_1_0_5;0;0
X_40_1_0_5;0;0
X_41_1_0_5;0;0
X_42_1_0_5;0;0
X_43_1_0_5;0;0
X_44_1_0_5;0;0
X_0_1_0_6;0;0
X_1_1_0_6;0;0
X_2_1_0_6;0;0
X_3_1_0_6;0;0
X_4_1_0_6;0;0
X_5_1_0_6;0;0
X_6_1_0_6;0;0
X_7_1_0_6;0;0
X_8_1_0_6;0;0
X_9_1_0_6;0;0
X_10_1_0_6;0;0
X_11_1_0_6;0;0
X_12_1_0_6;0;0
X_13_1_0_6;0;0
X_14_1_0_6;0;0
X_15_1_0_6;0;0
X_16_1_0_6;0;0
X_17_1_0_6;0;0
X_18_1_0_6;0;0
X_19_1_0_6;0;0
X_20_1_0_6;0;0
X_21_1_0_6;0;0
X_22_1_0_6;0;0
X_23_1_0_6;0;0
X_24_1_0_6;0;0
X_25_1_0_6;0;0
X_26_1_0_6;1;1
X_27_1_0_6;0;0
X_28_1_0_6;0;0
X_29_1_0_6;0;0
X_30_1_0_6;0;0
X_31_1_0_6;0;0
X_32_1_0_6;0;0
X_33_1_0_6;0;0
X_34_1_0_6;0;0
X_35_1_0_6;0;0
X_36_1_0_6;0;0
X_37_1_0_6;0;0
X_38_1_0_6;0;0
X_39_1_0_6;0;0
X_40_1_0_6;0;0
X_41_1_0_6;0;0
X_42_1_0_6;0;0
X_43_1_0_6;0;0
X_44_1_0_6;0;0
X_0_1_1_0;0;0
X_1_1_1_0;0;0
X_2_1_1_0;0;0
X_3_1_1_0;0;0
X_4_1_1_0;1;1
X_5_1_1_0;0;0
X_6_1_1_0;0;0
X_7_1_1_0;0;0
X_8_1_1_0;0;0
X_9_1_1_0;0;0
X_10_1_1_0;0;0
X_11_1_1_0;0;0
X_12_1_1_0;0;0
X_13_1_1_0;0;0
X_14_1_1_0;0;0
X_15_1_1_0;0;0
X_16_1_1_0;0;0
X_17_1_1_0;0;0
X_18_1_1_0;0;0
X_19_1_1_0;0;0
X_20_1_1_0;0;0
X_21_1_1_0;0;0
X_22_1_1_0;0;0
X_23_1_1_0;0;0
X_24_1_1_0;0;0
X_25_1_1_0;0;0
X_26_1_1_0;0;0
X_27_1_1_0;0;0
X_28_1_1_0;0;0
X_29_1_1_0;0;0
X_30_1_1_0;0;0
X_31_1_1_0;0;0
X_32_1_1_0;0;0
X_33_1_1_0;0;0
X_34_1_1_0;0;0
X_35_1_1_0;0;0
X_36_1_1_0;0;0
X_37_1_1_0;0;0
X_38_1_1_0;0;0
X_39_1_1_0;0;0
X_40_1_1_0;0;0
X_41_1_1_0;0;0
X_42_1_1_0;0;0
X_43_1_1_0;0;0
X_44_1_1_0;0;0
X_0_1_1_1;0;0
X_1_1_1_1;0;0
X_2_1_1_1;0;0
X_3_1_1_1;0;0
X_4_1_1_1;0;0
X_5_1_1_1;0;0
X_6_1_1_1;0;0
X_7_1_1_1;0;0
X_8_1_1_1;0;0
X_9_1_1_1;0;0
X_10_1_1_1;0;0
X_11_1_1_1;0;0
X_12_1_1_1;0;0
X_13_1_1_1;0;0
X_14_1_1_1;0;0
X_15_1_1_1;0;0
X_16_1_1_1;0;0
X_17_1_1_1;0;0
X_18_1_1_1;0;0
X_19_1_1_1;0;0
X_20_1_1_1;0;0
X_21_1_1_1;0;0
X_22_1_1_1;0;0
X_23_1_1_1;0;0
X_24_1_1_1;0;0
X_25_1_1_1;1;1
X_26_1_1_1;0;0
X_27_1_1_1;0;0
X_28_1_1_1;0;0
X_29_1_1_1;0;0
X_30_1_1_1;0;0
X_31_1_1_1;0;0
X_32_1_1_1;0;0
X_33_1_1_1;0;0
X_34_1_1_1;0;0
X_35_1_1_1;0;0
X_36_1_1_1;0;0
X_37_1_1_1;0;0
X_38_1_1_1;0;0
X_39_1_1_1;0;0
X_40_1_1_1;0;0
X_41_1_1_1;0;0
X_42_1_1_1;0;0
X_43_1_1_1;0;0
X_44_1_1_1;0;0
X_0_1_1_2;0;0
X_1_1_1_2;0;0
X_2_1_1_2;0;0
X_3_1_1_2;0;0
X_4_1_1_2;0;0
X_5_1_1_2;0;0
X_6_1_1_2;0;0
X_7_1_1_2;0;0
X_8_1_1_2;0;0
X_9_1_1_2;0;0
X_10_1_1_2;0;0
X_11_1_1_2;0;0
X_12_1_1_2;0;0
X_13_1_1_2;0;0
X_14_1_1_2;1;1
X_15_1_1_2;0;0
X_16_1_1_2;0;0
X_17_1_1_2;0;0
X_18_1_1_2;0;0
X_19_1_1_2;0;0
X_20_1_1_2;0;0
X_21_1_1_2;0;0
X_22_1_1_2;0;0
X_23_1_1_2;0;0
X_24_1_1_2;0;0
X_25_1_1_2;0;0
X_26_1_1_2;0;0
X_27_1_1_2;0;0
X_28_1_1_2;0;0
X_29_1_1_2;0;0
X_30_1_1_2;0;0
X_31_1_1_2;0;0
X_32_1_1_2;0;0
X_33_1_1_2;0;0
X_34_1_1_2;0;0
X_35_1_1_2;0;0
X_36_1_1_2;0;0
X_37_1_1_2;0;0
X_38_1_1_2;0;0
X_39_1_1_2;0;0
X_40_1_1_2;0;0
X_41_1_1_2;0;0
X_42_1_1_2;0;0
X_43_1_1_2;0;0
X_44_1_1_2;0;0
X_0_1_1_3;0;0
X_1_1_1_3;0;0
X_2_1_1_3;0;0
X_3_1_1_3;0;0
X_4_1_1_3;0;0
X_5_1_1_3;0;0
X_6_1_1_3;0;0
X_7_1_1_3;0;0
X_8_1_1_3;0;0
X_9_1_1_3;0;0
X_10_1_1_3;0;0
X_11_1_1_3;0;0
X_12_1_1_3;0;0
X_13_1_1_3;0;0
X_14_1_1_3;0;0
X_15_1_1_3;0;0
X_16_1_1_3;0;0
X_17_1_1_3;0;0
X_18_1_1_3;0;0
X_19_1_1_3;0;0
X_20_1_1_3;0;0
X_21_1_1_3;0;0
X_22_1_1_3;0;0
X_23_1_1_3;0;0
X_24_1_1_3;0;0
X_25_1_1_3;0;0
X_26_1_1_3;0;0
X_27_1_1_3;0;0
X_28_1_1_3;0;0
X_29_1_1_3;0;0
X_30_1_1_3;0;0
X_31_1_1_3;0;0
X_32_1_1_3;0;0
X_33_1_1_3;0;0
X_34_1_1_3;0;0
X_35_1_1_3;0;0
X_36_1_1_3;0;0
X_37_1_1_3;0;0
X_38_1_1_3;1;1
X_39_1_1_3;0;0
X_40_1_1_3;0;0
X_41_1_1_3;0;0
X_42_1_1_3;0;0
X_43_1_1_3;0;0
X_44_1_1_3;0;0
X_0_1_1_4;0;0
X_1_1_1_4;0;0
X_2_1_1_4;0;0
X_3_1_1_4;0;0
X_4_1_1_4;0;0
X_5_1_1_4;0;0
X_6_1_1_4;0;0
X_7_1_1_4;0;0
X_8_1_1_4;0;0
X_9_1_1_4;0;0
X_10_1_1_4;0;0
X_11_1_1_4;0;0
X_12_1_1_4;0;0
X_13_1_1_4;0;0
X_14_1_1_4;0;0
X_15_1_1_4;0;0
X_16_1_1_4;0;0
X_17_1_1_4;0;0
X_18_1_1_4;0;0
X_19_1_1_4;0;0
X_20_1_1_4;0;0
X_21_1_1_4;0;0
X_22_1_1_4;0;0
X_23_1_1_4;0;0
X_24_1_1_4;0;0
X_25_1_1_4;0;0
X_26_1_1_4;0;0
X_27_1_1_4;0;0
X_28_1_1_4;0;0
X_29_1_1_4;0;0
X_30_1_1_4;0;0
X_31_1_1_4;0;0
X_32_1_1_4;1;1
X_33_1_1_4;0;0
X_34_1_1_4;0;0
X_35_1_1_4;0;0
X_36_1_1_4;0;0
X_37_1_1_4;0;0
X_38_1_1_4;0;0
X_39_1_1_4;0;0
X_40_1_1_4;0;0
X_41_1_1_4;0;0
X_42_1_1_4;0;0
X_43_1_1_4;0;0
X_44_1_1_4;0;0
X_0_1_1_5;0;0
X_1_1_1_5;0;0
X_2_1_1_5;0;0
X_3_1_1_5;0;0
X_4_1_1_5;0;0
X_5_1_1_5;0;0
X_6_1_1_5;0;0
X_7_1_1_5;0;0
X_8_1_1_5;0;0
X_9_1_1_5;0;0
X_10_1_1_5;0;0
X_11_1_1_5;1;1
X_12_1_1_5;0;0
X_13_1_1_5;0;0
X_14_1_1_5;0;0
X_15_1_1_5;0;0
X_16_1_1_5;0;0
X_17_1_1_5;0;0
X_18_1_1_5;0;0
X_19_1_1_5;0;0
X_20_1_1_5;0;0
X_21_1_1_5;0;0
X_22_1_1_5;0;0
X_23_1_1_5;0;0
X_24_1_1_5;0;0
X_25_1_1_5;0;0
X_26_1_1_5;0;0
X_27_1_1_5;0;0
X_28_1_1_5;0;0
X_29_1_1_5;0;0
X_30_1_1_5;0;0
X_31_1_1_5;0;0
X_32_1_1_5;0;0
X_33_1_1_5;0;0
X_34_1_1_5;0;0
X_35_1_1_5;0;0
X_36_1_1_5;0;0
X_37_1_1_5;0;0
X_38_1_1_5;0;0
X_39_1_1_5;0;0
X_40_1_1_5;0;0
X_41_1_1_5;0;0
X_42_1_1_5;0;0
X_43_1_1_5;0;0
X_44_1_1_5;0;0
X_0_1_1_6;0;0
X_1_1_1_6;0;0
X_2_1_1_6;0;0
X_3_1_1_6;0;0
X_4_1_1_6;0;0
X_5_1_1_6;0;0
X_6_1_1_6;0;0
X_7_1_1_6;0;0
X_8_1_1_6;0;0
X_9_1_1_6;0;0
X_10_1_1_6;0;0
X_11_1_1_6;0;0
X_12_1_1_6;0;0
X_13_1_1_6;0;0
X_14_1_1_6;0;0
X_15_1_1_6;0;0
X_16_1_1_6;0;0
X_17_1_1_6;0;0
X_18_1_1_6;0;0
X_19_1_1_6;0;0
X_20_1_1_6;0;0
X_21_1_1_6;0;0
X_22_1_1_6;0;0
X_23_1_1_6;0;0
X_24_1_1_6;0;0
X_25_1_1_6;0;0
X_26_1_1_6;0;0
X_27_1_1_6;0;0
X_28_1_1_6;0;0
X_29_1_1_6;0;0
X_30_1_1_6;0;0
X_31_1_1_6;0;0
X_32_1_1_6;0;0
X_33_1_1_6;0;0
X_34_1_1_6;0;0
X_35_1_1_6;0;0
X_36_1_1_6;0;0
X_37_1_1_6;0;0
X_38_1_1_6;0;0
X_39_1_1_6;0;0
X_40_1_1_6;0;0
X_41_1_1_6;0;0
X_42_1_1_6;0;0
X_43_1_1_6;0;0
X_44_1_1_6;0;0
X_0_1_2_0;0;0
X_1_1_2_0;0;0
X_2_1_2_0;0;0
X_3_1_2_0;0;0
X_4_1_2_0;0;0
X_5_1_2_0;0;0
X_6_1_2_0;0;0
X_7_1_2_0;0;0
X_8_1_2_0;0;0
X_9_1_2_0;0;0
X_10_1_2_0;0;0
X_11_1_2_0;0;0
X_12_1_2_0;0;0
X_13_1_2_0;0;0
X_14_1_2_0;0;0
X_15_1_2_0;0;0
X_16_1_2_0;0;0
X_17_1_2_0;0;0
X_18_1_2_0;0;0
X_19_1_2_0;0;0
X_20_1_2_0;0;0
X_21_1_2_0;0;0
X_22_1_2_0;0;0
X_23_1_2_0;0;0
X_24_1_2_0;0;0
X_25_1_2_0;0;0
X_26_1_2_0;0;0
X_27_1_2_0;0;0
X_28_1_2_0;0;0
X_29_1_2_0;0;0
X_30_1_2_0;0;0
X_31_1_2_0;0;0
X_32_1_2_0;0;0
X_33_1_2_0;0;0
X_34_1_2_0;0;0
X_35_1_2_0;0;0
X_36_1_2_0;0;0
X_37_1_2_0;0;0
X_38_1_2_0;0;0
X_39_1_2_0;0;0
X_40_1_2_0;1;1
X_41_1_2_0;0;0
X_42_1_2_0;0;0
X_43_1_2_0;0;0
X_44_1_2_0;0;0
X_0_1_2_1;0;0
X_1_1_2_1;0;0
X_2_1_2_1;0;0
X_3_1_2_1;0;0
X_4_1_2_1;0;0
X_5_1_2_1;0;0
X_6_1_2_1;0;0
X_7_1_2_1;0;0
X_8_1_2_1;0;0
X_9_1_2_1;0;0
X_10_1_2_1;0;0
X_11_1_2_1;0;0
X_12_1_2_1;0;0
X_13_1_2_1;0;0
X_14_1_2_1;0;0
X_15_1_2_1;0;0
X_16_1_2_1;0;0
X_17_1_2_1;0;0
X_18_1_2_1;0;0
X_19_1_2_1;0;0
X_20_1_2_1;1;1
X_21_1_2_1;0;0
X_22_1_2_1;0;0
X_23_1_2_1;0;0
X_24_1_2_1;0;0
X_25_1_2_1;0;0
X_26_1_2_1;0;0
X_27_1_2_1;0;0
X_28_1_2_1;0;0
X_29_1_2_1;0;0
X_30_1_2_1;0;0
X_31_1_2_1;0;0
X_32_1_2_1;0;0
X_33_1_2_1;0;0
X_34_1_2_1;0;0
X_35_1_2_1;0;0
X_36_1_2_1;0;0
X_37_1_2_1;0;0
X_38_1_2_1;0;0
X_39_1_2_1;0;0
X_40_1_2_1;0;0
X_41_1_2_1;0;0
X_42_1_2_1;0;0
X_43_1_2_1;0;0
X_44_1_2_1;0;0
X_0_1_2_2;0;0
X_1_1_2_2;0;0
X_2_1_2_2;0;0
X_3_1_2_2;0;0
X_4_1_2_2;0;0
X_5_1_2_2;0;0
X_6_1_2_2;0;0
X_7_1_2_2;0;0
X_8_1_2_2;0;0
X_9_1_2_2;0;0
X_10_1_2_2;0;0
X_11_1_2_2;0;0
X_12_1_2_2;0;0
X_13_1_2_2;0;0
X_14_1_2_2;0;0
X_15_1_2_2;0;0
X_16_1_2_2;0;0
X_17_1_2_2;0;0
X_18_1_2_2;0;0
X_19_1_2_2;0;0
X_20_1_2_2;1;1
X_21_1_2_2;0;0
X_22_1_2_2;0;0
X_23_1_2_2;0;0
X_24_1_2_2;0;0
X_25_1_2_2;0;0
X_26_1_2_2;0;0
X_27_1_2_2;0;0
X_28_1_2_2;0;0
X_29_1_2_2;0;0
X_30_1_2_2;0;0
X_31_1_2_2;0;0
X_32_1_2_2;0;0
X_33_1_2_2;0;0
X_34_1_2_2;0;0
X_35_1_2_2;0;0
X_36_1_2_2;0;0
X_37_1_2_2;0;0
X_38_1_2_2;0;0
X_39_1_2_2;0;0
X_40_1_2_2;0;0
X_41_1_2_2;0;0
X_42_1_2_2;0;0
X_43_1_2_2;0;0
X_44_1_2_2;0;0
X_0_1_2_3;0;0
X_1_1_2_3;0;0
X_2_1_2_3;0;0
X_3_1_2_3;0;0
X_4_1_2_3;0;0
X_5_1_2_3;0;0
X_6_1_2_3;0;0
X_7_1_2_3;0;0
X_8_1_2_3;0;0
X_9_1_2_3;0;0
X_10_1_2_3;0;0
X_11_1_2_3;0;0
X_12_1_2_3;0;0
X_13_1_2_3;0;0
X_14_1_2_3;0;0
X_15_1_2_3;0;0
X_16_1_2_3;0;0
X_17_1_2_3;0;0
X_18_1_2_3;0;0
X_19_1_2_3;0;0
X_20_1_2_3;0;0
X_21_1_2_3;0;0
X_22_1_2_3;0;0
X_23_1_2_3;0;0
X_24_1_2_3;0;0
X_25_1_2_3;0;0
X_26_1_2_3;0;0
X_27_1_2_3;0;0
X_28_1_2_3;0;0
X_29_1_2_3;0;0
X_30_1_2_3;0;0
X_31_1_2_3;1;1
X_32_1_2_3;0;0
X_33_1_2_3;0;0
X_34_1_2_3;0;0
X_35_1_2_3;0;0
X_36_1_2_3;0;0
X_37_1_2_3;0;0
X_38_1_2_3;0;0
X_39_1_2_3;0;0
X_40_1_2_3;0;0
X_41_1_2_3;0;0
X_42_1_2_3;0;0
X_43_1_2_3;0;0
X_44_1_2_3;0;0
X_0_1_2_4;0;0
X_1_1_2_4;0;0
X_2_1_2_4;0;0
X_3_1_2_4;0;0
X_4_1_2_4;0;0
X_5_1_2_4;0;0
X_6_1_2_4;0;0
X_7_1_2_4;0;0
X_8_1_2_4;0;0
X_9_1_2_4;1;1
X_10_1_2_4;0;0
X_11_1_2_4;0;0
X_12_1_2_4;0;0
X_13_1_2_4;0;0
X_14_1_2_4;0;0
X_15_1_2_4;0;0
X_16_1_2_4;0;0
X_17_1_2_4;0;0
X_18_1_2_4;0;0
X_19_1_2_4;0;0
X_20_1_2_4;0;0
X_21_1_2_4;0;0
X_22_1_2_4;0;0
X_23_1_2_4;0;0
X_24_1_2_4;0;0
X_25_1_2_4;0;0
X_26_1_2_4;0;0
X_27_1_2_4;0;0
X_28_1_2_4;0;0
X_29_1_2_4;0;0
X_30_1_2_4;0;0
X_31_1_2_4;0;0
X_32_1_2_4;0;0
X_33_1_2_4;0;0
X_34_1_2_4;0;0
X_35_1_2_4;0;0
X_36_1_2_4;0;0
X_37_1_2_4;0;0
X_38_1_2_4;0;0
X_39_1_2_4;0;0
X_40_1_2_4;0;0
X_41_1_2_4;0;0
X_42_1_2_4;0;0
X_43_1_2_4;0;0
X_44_1_2_4;0;0
X_0_1_2_5;0;0
X_1_1_2_5;0;0
X_2_1_2_5;0;0
X_3_1_2_5;0;0
X_4_1_2_5;0;0
X_5_1_2_5;0;0
X_6_1_2_5;0;0
X_7_1_2_5;0;0
X_8_1_2_5;0;0
X_9_1_2_5;0;0
X_10_1_2_5;0;0
X_11_1_2_5;0;0
X_12_1_2_5;0;0
X_13_1_2_5;0;0
X_14_1_2_5;0;0
X_15_1_2_5;0;0
X_16_1_2_5;0;0
X_17_1_2_5;0;0
X_18_1_2_5;0;0
X_19_1_2_5;0;0
X_20_1_2_5;0;0
X_21_1_2_5;0;0
X_22_1_2_5;0;0
X_23_1_2_5;0;0
X_24_1_2_5;1;1
X_25_1_2_5;0;0
X_26_1_2_5;0;0
X_27_1_2_5;0;0
X_28_1_2_5;0;0
X_29_1_2_5;0;0
X_30_1_2_5;0;0
X_31_1_2_5;0;0
X_32_1_2_5;0;0
X_33_1_2_5;0;0
X_34_1_2_5;0;0
X_35_1_2_5;0;0
X_36_1_2_5;0;0
X_37_1_2_5;0;0
X_38_1_2_5;0;0
X_39_1_2_5;0;0
X_40_1_2_5;0;0
X_41_1_2_5;0;0
X_42_1_2_5;0;0
X_43_1_2_5;0;0
X_44_1_2_5;0;0
X_0_1_2_6;0;0
X_1_1_2_6;0;0
X_2_1_2_6;0;0
X_3_1_2_6;0;0
X_4_1_2_6;0;0
X_5_1_2_6;0;0
X_6_1_2_6;0;0
X_7_1_2_6;0;0
X_8_1_2_6;0;0
X_9_1_2_6;0;0
X_10_1_2_6;0;0
X_11_1_2_6;0;0
X_12_1_2_6;0;0
X_13_1_2_6;0;0
X_14_1_2_6;0;0
X_15_1_2_6;0;0
X_16_1_2_6;0;0
X_17_1_2_6;0;0
X_18_1_2_6;0;0
X_19_1_2_6;0;0
X_20_1_2_6;0;0
X_21_1_2_6;0;0
X_22_1_2_6;0;0
X_23_1_2_6;0;0
X_24_1_2_6;1;1
X_25_1_2_6;0;0
X_26_1_2_6;0;0
X_27_1_2_6;0;0
X_28_1_2_6;0;0
X_29_1_2_6;0;0
X_30_1_2_6;0;0
X_31_1_2_6;0;0
X_32_1_2_6;0;0
X_33_1_2_6;0;0
X_34_1_2_6;0;0
X_35_1_2_6;0;0
X_36_1_2_6;0;0
X_37_1_2_6;0;0
X_38_1_2_6;0;0
X_39_1_2_6;0;0
X_40_1_2_6;0;0
X_41_1_2_6;0;0
X_42_1_2_6;0;0
X_43_1_2_6;0;0
X_44_1_2_6;0;0
X_0_1_3_0;0;0
X_1_1_3_0;0;0
X_2_1_3_0;0;0
X_3_1_3_0;0;0
X_4_1_3_0;0;0
X_5_1_3_0;0;0
X_6_1_3_0;0;0
X_7_1_3_0;0;0
X_8_1_3_0;0;0
X_9_1_3_0;0;0
X_10_1_3_0;0;0
X_11_1_3_0;0;0
X_12_1_3_0;0;0
X_13_1_3_0;0;0
X_14_1_3_0;0;0
X_15_1_3_0;0;0
X_16_1_3_0;0;0
X_17_1_3_0;0;0
X_18_1_3_0;0;0
X_19_1_3_0;0;0
X_20_1_3_0;0;0
X_21_1_3_0;0;0
X_22_1_3_0;0;0
X_23_1_3_0;0;0
X_24_1_3_0;0;0
X_25_1_3_0;0;0
X_26_1_3_0;0;0
X_27_1_3_0;0;0
X_28_1_3_0;0;0
X_29_1_3_0;0;0
X_30_1_3_0;0;0
X_31_1_3_0;0;0
X_32_1_3_0;0;0
X_33_1_3_0;0;0
X_34_1_3_0;0;0
X_35_1_3_0;0;0
X_36_1_3_0;0;0
X_37_1_3_0;0;0
X_38_1_3_0;0;0
X_39_1_3_0;0;0
X_40_1_3_0;1;1
X_41_1_3_0;0;0
X_42_1_3_0;0;0
X_43_1_3_0;0;0
X_44_1_3_0;0;0
X_0_1_3_1;0;0
X_1_1_3_1;0;0
X_2_1_3_1;0;0
X_3_1_3_1;1;1
X_4_1_3_1;0;0
X_5_1_3_1;0;0
X_6_1_3_1;0;0
X_7_1_3_1;0;0
X_8_1_3_1;0;0
X_9_1_3_1;0;0
X_10_1_3_1;0;0
X_11_1_3_1;0;0
X_12_1_3_1;0;0
X_13_1_3_1;0;0
X_14_1_3_1;0;0
X_15_1_3_1;0;0
X_16_1_3_1;0;0
X_17_1_3_1;0;0
X_18_1_3_1;0;0
X_19_1_3_1;0;0
X_20_1_3_1;0;0
X_21_1_3_1;0;0
X_22_1_3_1;0;0
X_23_1_3_1;0;0
X_24_1_3_1;0;0
X_25_1_3_1;0;0
X_26_1_3_1;0;0
X_27_1_3_1;0;0
X_28_1_3_1;0;0
X_29_1_3_1;0;0
X_30_1_3_1;0;0
X_31_1_3_1;0;0
X_32_1_3_1;0;0
X_33_1_3_1;0;0
X_34_1_3_1;0;0
X_35_1_3_1;0;0
X_36_1_3_1;0;0
X_37_1_3_1;0;0
X_38_1_3_1;0;0
X_39_1_3_1;0;0
X_40_1_3_1;0;0
X_41_1_3_1;0;0
X_42_1_3_1;0;0
X_43_1_3_1;0;0
X_44_1_3_1;0;0
X_0_1_3_2;0;0
X_1_1_3_2;0;0
X_2_1_3_2;0;0
X_3_1_3_2;1;1
X_4_1_3_2;0;0
X_5_1_3_2;0;0
X_6_1_3_2;0;0
X_7_1_3_2;0;0
X_8_1_3_2;0;0
X_9_1_3_2;0;0
X_10_1_3_2;0;0
X_11_1_3_2;0;0
X_12_1_3_2;0;0
X_13_1_3_2;0;0
X_14_1_3_2;0;0
X_15_1_3_2;0;0
X_16_1_3_2;0;0
X_17_1_3_2;0;0
X_18_1_3_2;0;0
X_19_1_3_2;0;0
X_20_1_3_2;0;0
X_21_1_3_2;0;0
X_22_1_3_2;0;0
X_23_1_3_2;0;0
X_24_1_3_2;0;0
X_25_1_3_2;0;0
X_26_1_3_2;0;0
X_27_1_3_2;0;0
X_28_1_3_2;0;0
X_29_1_3_2;0;0
X_30_1_3_2;0;0
X_31_1_3_2;0;0
X_32_1_3_2;0;0
X_33_1_3_2;0;0
X_34_1_3_2;0;0
X_35_1_3_2;0;0
X_36_1_3_2;0;0
X_37_1_3_2;0;0
X_38_1_3_2;0;0
X_39_1_3_2;0;0
X_40_1_3_2;0;0
X_41_1_3_2;0;0
X_42_1_3_2;0;0
X_43_1_3_2;0;0
X_44_1_3_2;0;0
X_0_1_3_3;0;0
X_1_1_3_3;0;0
X_2_1_3_3;0;0
X_3_1_3_3;0;0
X_4_1_3_3;0;0
X_5_1_3_3;0;0
X_6_1_3_3;0;0
X_7_1_3_3;0;0
X_8_1_3_3;0;0
X_9_1_3_3;0;0
X_10_1_3_3;0;0
X_11_1_3_3;0;0
X_12_1_3_3;0;0
X_13_1_3_3;0;0
X_14_1_3_3;0;0
X_15_1_3_3;0;0
X_16_1_3_3;0;0
X_17_1_3_3;0;0
X_18_1_3_3;0;0
X_19_1_3_3;0;0
X_20_1_3_3;0;0
X_21_1_3_3;0;0
X_22_1_3_3;0;0
X_23_1_3_3;0;0
X_24_1_3_3;0;0
X_25_1_3_3;0;0
X_26_1_3_3;0;0
X_27_1_3_3;0;0
X_28_1_3_3;0;0
X_29_1_3_3;0;0
X_30_1_3_3;0;0
X_31_1_3_3;1;1
X_32_1_3_3;0;0
X_33_1_3_3;0;0
X_34_1_3_3;0;0
X_35_1_3_3;0;0
X_36_1_3_3;0;0
X_37_1_3_3;0;0
X_38_1_3_3;0;0
X_39_1_3_3;0;0
X_40_1_3_3;0;0
X_41_1_3_3;0;0
X_42_1_3_3;0;0
X_43_1_3_3;0;0
X_44_1_3_3;0;0
X_0_1_3_4;0;0
X_1_1_3_4;0;0
X_2_1_3_4;0;0
X_3_1_3_4;0;0
X_4_1_3_4;0;0
X_5_1_3_4;0;0
X_6_1_3_4;0;0
X_7_1_3_4;0;0
X_8_1_3_4;0;0
X_9_1_3_4;1;1
X_10_1_3_4;0;0
X_11_1_3_4;0;0
X_12_1_3_4;0;0
X_13_1_3_4;0;0
X_14_1_3_4;0;0
X_15_1_3_4;0;0
X_16_1_3_4;0;0
X_17_1_3_4;0;0
X_18_1_3_4;0;0
X_19_1_3_4;0;0
X_20_1_3_4;0;0
X_21_1_3_4;0;0
X_22_1_3_4;0;0
X_23_1_3_4;0;0
X_24_1_3_4;0;0
X_25_1_3_4;0;0
X_26_1_3_4;0;0
X_27_1_3_4;0;0
X_28_1_3_4;0;0
X_29_1_3_4;0;0
X_30_1_3_4;0;0
X_31_1_3_4;0;0
X_32_1_3_4;0;0
X_33_1_3_4;0;0
X_34_1_3_4;0;0
X_35_1_3_4;0;0
X_36_1_3_4;0;0
X_37_1_3_4;0;0
X_38_1_3_4;0;0
X_39_1_3_4;0;0
X_40_1_3_4;0;0
X_41_1_3_4;0;0
X_42_1_3_4;0;0
X_43_1_3_4;0;0
X_44_1_3_4;0;0
X_0_1_3_5;0;0
X_1_1_3_5;0;0
X_2_1_3_5;0;0
X_3_1_3_5;0;0
X_4_1_3_5;0;0
X_5_1_3_5;0;0
X_6_1_3_5;0;0
X_7_1_3_5;0;0
X_8_1_3_5;0;0
X_9_1_3_5;0;0
X_10_1_3_5;0;0
X_11_1_3_5;0;0
X_12_1_3_5;0;0
X_13_1_3_5;0;0
X_14_1_3_5;0;0
X_15_1_3_5;0;0
X_16_1_3_5;0;0
X_17_1_3_5;0;0
X_18_1_3_5;0;0
X_19_1_3_5;0;0
X_20_1_3_5;0;0
X_21_1_3_5;0;0
X_22_1_3_5;0;0
X_23_1_3_5;0;0
X_24_1_3_5;0;0
X_25_1_3_5;0;0
X_26_1_3_5;0;0
X_27_1_3_5;0;0
X_28_1_3_5;0;0
X_29_1_3_5;0;0
X_30_1_3_5;0;0
X_31_1_3_5;0;0
X_32_1_3_5;0;0
X_33_1_3_5;0;0
X_34_1_3_5;0;0
X_35_1_3_5;0;0
X_36_1_3_5;0;0
X_37_1_3_5;0;0
X_38_1_3_5;0;0
X_39_1_3_5;0;0
X_40_1_3_5;0;0
X_41_1_3_5;0;0
X_42_1_3_5;0;0
X_43_1_3_5;0;0
X_44_1_3_5;0;0
X_0_1_3_6;0;0
X_1_1_3_6;0;0
X_2_1_3_6;0;0
X_3_1_3_6;0;0
X_4_1_3_6;0;0
X_5_1_3_6;0;0
X_6_1_3_6;0;0
X_7_1_3_6;0;0
X_8_1_3_6;0;0
X_9_1_3_6;0;0
X_10_1_3_6;0;0
X_11_1_3_6;0;0
X_12_1_3_6;0;0
X_13_1_3_6;0;0
X_14_1_3_6;0;0
X_15_1_3_6;0;0
X_16_1_3_6;0;0
X_17_1_3_6;0;0
X_18_1_3_6;0;0
X_19_1_3_6;0;0
X_20_1_3_6;0;0
X_21_1_3_6;0;0
X_22_1_3_6;0;0
X_23_1_3_6;0;0
X_24_1_3_6;0;0
X_25_1_3_6;0;0
X_26_1_3_6;0;0
X_27_1_3_6;0;0
X_28_1_3_6;0;0
X_29_1_3_6;0;0
X_30_1_3_6;0;0
X_31_1_3_6;0;0
X_32_1_3_6;0;0
X_33_1_3_6;0;0
X_34_1_3_6;0;0
X_35_1_3_6;0;0
X_36_1_3_6;0;0
X_37_1_3_6;0;0
X_38_1_3_6;0;0
X_39_1_3_6;0;0
X_40_1_3_6;0;0
X_41_1_3_6;0;0
X_42_1_3_6;0;0
X_43_1_3_6;0;0
X_44_1_3_6;0;0
X_0_1_4_0;0;0
X_1_1_4_0;0;0
X_2_1_4_0;0;0
X_3_1_4_0;0;0
X_4_1_4_0;0;0
X_5_1_4_0;0;0
X_6_1_4_0;0;0
X_7_1_4_0;0;0
X_8_1_4_0;0;0
X_9_1_4_0;0;0
X_10_1_4_0;0;0
X_11_1_4_0;0;0
X_12_1_4_0;0;0
X_13_1_4_0;0;0
X_14_1_4_0;0;0
X_15_1_4_0;0;0
X_16_1_4_0;0;0
X_17_1_4_0;0;0
X_18_1_4_0;0;0
X_19_1_4_0;0;0
X_20_1_4_0;0;0
X_21_1_4_0;0;0
X_22_1_4_0;0;0
X_23_1_4_0;0;0
X_24_1_4_0;0;0
X_25_1_4_0;0;0
X_26_1_4_0;0;0
X_27_1_4_0;0;0
X_28_1_4_0;0;0
X_29_1_4_0;0;0
X_30_1_4_0;0;0
X_31_1_4_0;0;0
X_32_1_4_0;0;0
X_33_1_4_0;0;0
X_34_1_4_0;0;0
X_35_1_4_0;0;0
X_36_1_4_0;0;0
X_37_1_4_0;0;0
X_38_1_4_0;0;0
X_39_1_4_0;0;0
X_40_1_4_0;0;0
X_41_1_4_0;0;0
X_42_1_4_0;0;0
X_43_1_4_0;0;0
X_44_1_4_0;0;0
X_0_1_4_1;0;0
X_1_1_4_1;0;0
X_2_1_4_1;0;0
X_3_1_4_1;0;0
X_4_1_4_1;0;0
X_5_1_4_1;0;0
X_6_1_4_1;0;0
X_7_1_4_1;0;0
X_8_1_4_1;0;0
X_9_1_4_1;0;0
X_10_1_4_1;0;0
X_11_1_4_1;0;0
X_12_1_4_1;0;0
X_13_1_4_1;0;0
X_14_1_4_1;0;0
X_15_1_4_1;0;0
X_16_1_4_1;0;0
X_17_1_4_1;0;0
X_18_1_4_1;0;0
X_19_1_4_1;0;0
X_20_1_4_1;0;0
X_21_1_4_1;0;0
X_22_1_4_1;0;0
X_23_1_4_1;0;0
X_24_1_4_1;0;0
X_25_1_4_1;0;0
X_26_1_4_1;0;0
X_27_1_4_1;0;0
X_28_1_4_1;0;0
X_29_1_4_1;0;0
X_30_1_4_1;0;0
X_31_1_4_1;0;0
X_32_1_4_1;0;0
X_33_1_4_1;0;0
X_34_1_4_1;0;0
X_35_1_4_1;0;0
X_36_1_4_1;0;0
X_37_1_4_1;0;0
X_38_1_4_1;0;0
X_39_1_4_1;0;0
X_40_1_4_1;0;0
X_41_1_4_1;0;0
X_42_1_4_1;0;0
X_43_1_4_1;0;0
X_44_1_4_1;0;0
X_0_1_4_2;0;0
X_1_1_4_2;0;0
X_2_1_4_2;0;0
X_3_1_4_2;0;0
X_4_1_4_2;0;0
X_5_1_4_2;0;0
X_6_1_4_2;0;0
X_7_1_4_2;0;0
X_8_1_4_2;0;0
X_9_1_4_2;0;0
X_10_1_4_2;0;0
X_11_1_4_2;0;0
X_12_1_4_2;0;0
X_13_1_4_2;0;0
X_14_1_4_2;0;0
X_15_1_4_2;0;0
X_16_1_4_2;0;0
X_17_1_4_2;0;0
X_18_1_4_2;0;0
X_19_1_4_2;0;0
X_20_1_4_2;0;0
X_21_1_4_2;0;0
X_22_1_4_2;0;0
X_23_1_4_2;0;0
X_24_1_4_2;0;0
X_25_1_4_2;0;0
X_26_1_4_2;0;0
X_27_1_4_2;0;0
X_28_1_4_2;0;0
X_29_1_4_2;0;0
X_30_1_4_2;0;0
X_31_1_4_2;0;0
X_32_1_4_2;0;0
X_33_1_4_2;0;0
X_34_1_4_2;0;0
X_35_1_4_2;0;0
X_36_1_4_2;0;0
X_37_1_4_2;0;0
X_38_1_4_2;0;0
X_39_1_4_2;0;0
X_40_1_4_2;0;0
X_41_1_4_2;0;0
X_42_1_4_2;0;0
X_43_1_4_2;0;0
X_44_1_4_2;0;0
X_0_1_4_3;0;0
X_1_1_4_3;0;0
X_2_1_4_3;0;0
X_3_1_4_3;0;0
X_4_1_4_3;0;0
X_5_1_4_3;0;0
X_6_1_4_3;0;0
X_7_1_4_3;0;0
X_8_1_4_3;0;0
X_9_1_4_3;0;0
X_10_1_4_3;0;0
X_11_1_4_3;0;0
X_12_1_4_3;0;0
X_13_1_4_3;0;0
X_14_1_4_3;0;0
X_15_1_4_3;0;0
X_16_1_4_3;0;0
X_17_1_4_3;0;0
X_18_1_4_3;0;0
X_19_1_4_3;0;0
X_20_1_4_3;0;0
X_21_1_4_3;0;0
X_22_1_4_3;0;0
X_23_1_4_3;0;0
X_24_1_4_3;0;0
X_25_1_4_3;0;0
X_26_1_4_3;0;0
X_27_1_4_3;0;0
X_28_1_4_3;0;0
X_29_1_4_3;0;0
X_30_1_4_3;0;0
X_31_1_4_3;0;0
X_32_1_4_3;0;0
X_33_1_4_3;0;0
X_34_1_4_3;0;0
X_35_1_4_3;0;0
X_36_1_4_3;0;0
X_37_1_4_3;0;0
X_38_1_4_3;0;0
X_39_1_4_3;0;0
X_40_1_4_3;0;0
X_41_1_4_3;0;0
X_42_1_4_3;0;0
X_43_1_4_3;0;0
X_44_1_4_3;0;0
X_0_1_4_4;0;0
X_1_1_4_4;0;0
X_2_1_4_4;0;0
X_3_1_4_4;0;0
X_4_1_4_4;0;0
X_5_1_4_4;0;0
X_6_1_4_4;0;0
X_7_1_4_4;0;0
X_8_1_4_4;0;0
X_9_1_4_4;0;0
X_10_1_4_4;0;0
X_11_1_4_4;0;0
X_12_1_4_4;0;0
X_13_1_4_4;0;0
X_14_1_4_4;0;0
X_15_1_4_4;0;0
X_16_1_4_4;0;0
X_17_1_4_4;0;0
X_18_1_4_4;0;0
X_19_1_4_4;0;0
X_20_1_4_4;0;0
X_21_1_4_4;0;0
X_22_1_4_4;0;0
X_23_1_4_4;0;0
X_24_1_4_4;0;0
X_25_1_4_4;0;0
X_26_1_4_4;0;0
X_27_1_4_4;0;0
X_28_1_4_4;0;0
X_29_1_4_4;0;0
X_30_1_4_4;0;0
X_31_1_4_4;0;0
X_32_1_4_4;0;0
X_33_1_4_4;0;0
X_34_1_4_4;0;0
X_35_1_4_4;0;0
X_36_1_4_4;0;0
X_37_1_4_4;0;0
X_38_1_4_4;0;0
X_39_1_4_4;0;0
X_40_1_4_4;0;0
X_41_1_4_4;0;0
X_42_1_4_4;0;0
X_43_1_4_4;0;0
X_44_1_4_4;0;0
X_0_1_4_5;0;0
X_1_1_4_5;0;0
X_2_1_4_5;0;0
X_3_1_4_5;0;0
X_4_1_4_5;0;0
X_5_1_4_5;0;0
X_6_1_4_5;0;0
X_7_1_4_5;0;0
X_8_1_4_5;0;0
X_9_1_4_5;0;0
X_10_1_4_5;0;0
X_11_1_4_5;0;0
X_12_1_4_5;0;0
X_13_1_4_5;0;0
X_14_1_4_5;0;0
X_15_1_4_5;0;0
X_16_1_4_5;0;0
X_17_1_4_5;0;0
X_18_1_4_5;0;0
X_19_1_4_5;0;0
X_20_1_4_5;0;0
X_21_1_4_5;0;0
X_22_1_4_5;0;0
X_23_1_4_5;0;0
X_24_1_4_5;0;0
X_25_1_4_5;0;0
X_26_1_4_5;0;0
X_27_1_4_5;0;0
X_28_1_4_5;0;0
X_29_1_4_5;0;0
X_30_1_4_5;0;0
X_31_1_4_5;0;0
X_32_1_4_5;0;0
X_33_1_4_5;0;0
X_34_1_4_5;0;0
X_35_1_4_5;0;0
X_36_1_4_5;0;0
X_37_1_4_5;0;0
X_38_1_4_5;0;0
X_39_1_4_5;0;0
X_40_1_4_5;0;0
X_41_1_4_5;0;0
X_42_1_4_5;0;0
X_43_1_4_5;0;0
X_44_1_4_5;0;0
X_0_1_4_6;0;0
X_1_1_4_6;0;0
X_2_1_4_6;0;0
X_3_1_4_6;0;0
X_4_1_4_6;0;0
X_5_1_4_6;0;0
X_6_1_4_6;0;0
X_7_1_4_6;0;0
X_8_1_4_6;0;0
X_9_1_4_6;0;0
X_10_1_4_6;0;0
X_11_1_4_6;0;0
X_12_1_4_6;0;0
X_13_1_4_6;0;0
X_14_1_4_6;0;0
X_15_1_4_6;0;0
X_16_1_4_6;0;0
X_17_1_4_6;0;0
X_18_1_4_6;0;0
X_19_1_4_6;0;0
X_20_1_4_6;0;0
X_21_1_4_6;0;0
X_22_1_4_6;0;0
X_23_1_4_6;0;0
X_24_1_4_6;0;0
X_25_1_4_6;0;0
X_26_1_4_6;0;0
X_27_1_4_6;0;0
X_28_1_4_6;0;0
X_29_1_4_6;0;0
X_30_1_4_6;0;0
X_31_1_4_6;0;0
X_32_1_4_6;0;0
X_33_1_4_6;0;0
X_34_1_4_6;0;0
X_35_1_4_6;0;0
X_36_1_4_6;0;0
X_37_1_4_6;0;0
X_38_1_4_6;0;0
X_39_1_4_6;0;0
X_40_1_4_6;0;0
X_41_1_4_6;0;0
X_42_1_4_6;0;0
X_43_1_4_6;0;0
X_44_1_4_6;0;0
X_0_2_0_0;0;0
X_1_2_0_0;0;0
X_2_2_0_0;0;0
X_3_2_0_0;0;0
X_4_2_0_0;0;0
X_5_2_0_0;0;0
X_6_2_0_0;0;0
X_7_2_0_0;0;0
X_8_2_0_0;0;0
X_9_2_0_0;0;0
X_10_2_0_0;0;0
X_11_2_0_0;0;0
X_12_2_0_0;0;0
X_13_2_0_0;0;0
X_14_2_0_0;0;0
X_15_2_0_0;0;0
X_16_2_0_0;0;0
X_17_2_0_0;0;0
X_18_2_0_0;0;0
X_19_2_0_0;0;0
X_20_2_0_0;0;0
X_21_2_0_0;0;0
X_22_2_0_0;0;0
X_23_2_0_0;0;0
X_24_2_0_0;0;0
X_25_2_0_0;0;0
X_26_2_0_0;0;0
X_27_2_0_0;0;0
X_28_2_0_0;0;0
X_29_2_0_0;0;0
X_30_2_0_0;0;0
X_31_2_0_0;0;0
X_32_2_0_0;0;0
X_33_2_0_0;0;0
X_34_2_0_0;0;0
X_35_2_0_0;0;0
X_36_2_0_0;0;0
X_37_2_0_0;0;0
X_38_2_0_0;0;0
X_39_2_0_0;0;0
X_40_2_0_0;0;0
X_41_2_0_0;0;0
X_42_2_0_0;0;0
X_43_2_0_0;0;0
X_44_2_0_0;0;0
X_0_2_0_1;0;0
X_1_2_0_1;0;0
X_2_2_0_1;0;0
X_3_2_0_1;0;0
X_4_2_0_1;0;0
X_5_2_0_1;0;0
X_6_2_0_1;0;0
X_7_2_0_1;0;0
X_8_2_0_1;0;0
X_9_2_0_1;0;0
X_10_2_0_1;0;0
X_11_2_0_1;0;0
X_12_2_0_1;0;0
X_13_2_0_1;0;0
X_14_2_0_1;0;0
X_15_2_0_1;0;0
X_16_2_0_1;0;0
X_17_2_0_1;0;0
X_18_2_0_1;0;0
X_19_2_0_1;0;0
X_20_2_0_1;0;0
X_21_2_0_1;0;0
X_22_2_0_1;0;0
X_23_2_0_1;0;0
X_24_2_0_1;0;0
X_25_2_0_1;0;0
X_26_2_0_1;0;0
X_27_2_0_1;0;0
X_28_2_0_1;0;0
X_29_2_0_1;0;0
X_30_2_0_1;0;0
X_31_2_0_1;0;0
X_32_2_0_1;0;0
X_33_2_0_1;0;0
X_34_2_0_1;0;0
X_35_2_0_1;0;0
X_36_2_0_1;0;0
X_37_2_0_1;0;0
X_38_2_0_1;0;0
X_39_2_0_1;0;0
X_40_2_0_1;0;0
X_41_2_0_1;0;0
X_42_2_0_1;0;0
X_43_2_0_1;0;0
X_44_2_0_1;0;0
X_0_2_0_2;0;0
X_1_2_0_2;0;0
X_2_2_0_2;0;0
X_3_2_0_2;0;0
X_4_2_0_2;0;0
X_5_2_0_2;0;0
X_6_2_0_2;0;0
X_7_2_0_2;0;0
X_8_2_0_2;0;0
X_9_2_0_2;0;0
X_10_2_0_2;0;0
X_11_2_0_2;0;0
X_12_2_0_2;0;0
X_13_2_0_2;0;0
X_14_2_0_2;0;0
X_15_2_0_2;0;0
X_16_2_0_2;0;0
X_17_2_0_2;0;0
X_18_2_0_2;0;0
X_19_2_0_2;0;0
X_20_2_0_2;0;0
X_21_2_0_2;0;0
X_22_2_0_2;0;0
X_23_2_0_2;0;0
X_24_2_0_2;0;0
X_25_2_0_2;0;0
X_26_2_0_2;0;0
X_27_2_0_2;0;0
X_28_2_0_2;0;0
X_29_2_0_2;0;0
X_30_2_0_2;0;0
X_31_2_0_2;0;0
X_32_2_0_2;0;0
X_33_2_0_2;0;0
X_34_2_0_2;0;0
X_35_2_0_2;0;0
X_36_2_0_2;0;0
X_37_2_0_2;0;0
X_38_2_0_2;0;0
X_39_2_0_2;0;0
X_40_2_0_2;0;0
X_41_2_0_2;0;0
X_42_2_0_2;0;0
X_43_2_0_2;0;0
X_44_2_0_2;0;0
X_0_2_0_3;0;0
X_1_2_0_3;0;0
X_2_2_0_3;0;0
X_3_2_0_3;0;0
X_4_2_0_3;0;0
X_5_2_0_3;0;0
X_6_2_0_3;0;0
X_7_2_0_3;0;0
X_8_2_0_3;0;0
X_9_2_0_3;0;0
X_10_2_0_3;0;0
X_11_2_0_3;0;0
X_12_2_0_3;0;0
X_13_2_0_3;0;0
X_14_2_0_3;0;0
X_15_2_0_3;0;0
X_16_2_0_3;0;0
X_17_2_0_3;0;0
X_18_2_0_3;0;0
X_19_2_0_3;0;0
X_20_2_0_3;0;0
X_21_2_0_3;0;0
X_22_2_0_3;0;0
X_23_2_0_3;0;0
X_24_2_0_3;0;0
X_25_2_0_3;0;0
X_26_2_0_3;0;0
X_27_2_0_3;0;0
X_28_2_0_3;0;0
X_29_2_0_3;0;0
X_30_2_0_3;0;0
X_31_2_0_3;0;0
X_32_2_0_3;0;0
X_33_2_0_3;0;0
X_34_2_0_3;0;0
X_35_2_0_3;0;0
X_36_2_0_3;0;0
X_37_2_0_3;0;0
X_38_2_0_3;0;0
X_39_2_0_3;0;0
X_40_2_0_3;0;0
X_41_2_0_3;0;0
X_42_2_0_3;0;0
X_43_2_0_3;0;0
X_44_2_0_3;0;0
X_0_2_0_4;0;0
X_1_2_0_4;0;0
X_2_2_0_4;0;0
X_3_2_0_4;0;0
X_4_2_0_4;0;0
X_5_2_0_4;0;0
X_6_2_0_4;0;0
X_7_2_0_4;0;0
X_8_2_0_4;0;0
X_9_2_0_4;0;0
X_10_2_0_4;0;0
X_11_2_0_4;0;0
X_12_2_0_4;0;0
X_13_2_0_4;0;0
X_14_2_0_4;0;0
X_15_2_0_4;0;0
X_16_2_0_4;0;0
X_17_2_0_4;0;0
X_18_2_0_4;0;0
X_19_2_0_4;0;0
X_20_2_0_4;0;0
X_21_2_0_4;0;0
X_22_2_0_4;0;0
X_23_2_0_4;0;0
X_24_2_0_4;0;0
X_25_2_0_4;0;0
X_26_2_0_4;0;0
X_27_2_0_4;0;0
X_28_2_0_4;0;0
X_29_2_0_4;0;0
X_30_2_0_4;0;0
X_31_2_0_4;0;0
X_32_2_0_4;0;0
X_33_2_0_4;0;0
X_34_2_0_4;0;0
X_35_2_0_4;0;0
X_36_2_0_4;0;0
X_37_2_0_4;0;0
X_38_2_0_4;0;0
X_39_2_0_4;0;0
X_40_2_0_4;0;0
X_41_2_0_4;0;0
X_42_2_0_4;0;0
X_43_2_0_4;0;0
X_44_2_0_4;0;0
X_0_2_0_5;0;0
X_1_2_0_5;0;0
X_2_2_0_5;0;0
X_3_2_0_5;0;0
X_4_2_0_5;0;0
X_5_2_0_5;0;0
X_6_2_0_5;0;0
X_7_2_0_5;0;0
X_8_2_0_5;0;0
X_9_2_0_5;0;0
X_10_2_0_5;0;0
X_11_2_0_5;0;0
X_12_2_0_5;0;0
X_13_2_0_5;0;0
X_14_2_0_5;0;0
X_15_2_0_5;0;0
X_16_2_0_5;0;0
X_17_2_0_5;0;0
X_18_2_0_5;0;0
X_19_2_0_5;0;0
X_20_2_0_5;0;0
X_21_2_0_5;0;0
X_22_2_0_5;0;0
X_23_2_0_5;0;0
X_24_2_0_5;0;0
X_25_2_0_5;0;0
X_26_2_0_5;0;0
X_27_2_0_5;0;0
X_28_2_0_5;0;0
X_29_2_0_5;0;0
X_30_2_0_5;0;0
X_31_2_0_5;0;0
X_32_2_0_5;0;0
X_33_2_0_5;0;0
X_34_2_0_5;0;0
X_35_2_0_5;0;0
X_36_2_0_5;0;0
X_37_2_0_5;0;0
X_38_2_0_5;0;0
X_39_2_0_5;0;0
X_40_2_0_5;0;0
X_41_2_0_5;0;0
X_42_2_0_5;0;0
X_43_2_0_5;0;0
X_44_2_0_5;1;1
X_0_2_0_6;0;0
X_1_2_0_6;0;0
X_2_2_0_6;0;0
X_3_2_0_6;0;0
X_4_2_0_6;0;0
X_5_2_0_6;0;0
X_6_2_0_6;0;0
X_7_2_0_6;0;0
X_8_2_0_6;0;0
X_9_2_0_6;0;0
X_10_2_0_6;0;0
X_11_2_0_6;0;0
X_12_2_0_6;0;0
X_13_2_0_6;0;0
X_14_2_0_6;0;0
X_15_2_0_6;0;0
X_16_2_0_6;0;0
X_17_2_0_6;0;0
X_18_2_0_6;0;0
X_19_2_0_6;0;0
X_20_2_0_6;0;0
X_21_2_0_6;0;0
X_22_2_0_6;0;0
X_23_2_0_6;0;0
X_24_2_0_6;0;0
X_25_2_0_6;0;0
X_26_2_0_6;0;0
X_27_2_0_6;0;0
X_28_2_0_6;0;0
X_29_2_0_6;0;0
X_30_2_0_6;0;0
X_31_2_0_6;0;0
X_32_2_0_6;0;0
X_33_2_0_6;0;0
X_34_2_0_6;0;0
X_35_2_0_6;0;0
X_36_2_0_6;0;0
X_37_2_0_6;0;0
X_38_2_0_6;0;0
X_39_2_0_6;0;0
X_40_2_0_6;0;0
X_41_2_0_6;0;0
X_42_2_0_6;0;0
X_43_2_0_6;0;0
X_44_2_0_6;0;0
X_0_2_1_0;0;0
X_1_2_1_0;0;0
X_2_2_1_0;0;0
X_3_2_1_0;0;0
X_4_2_1_0;0;0
X_5_2_1_0;0;0
X_6_2_1_0;0;0
X_7_2_1_0;0;0
X_8_2_1_0;0;0
X_9_2_1_0;0;0
X_10_2_1_0;0;0
X_11_2_1_0;0;0
X_12_2_1_0;0;0
X_13_2_1_0;0;0
X_14_2_1_0;0;0
X_15_2_1_0;0;0
X_16_2_1_0;0;0
X_17_2_1_0;0;0
X_18_2_1_0;0;0
X_19_2_1_0;0;0
X_20_2_1_0;0;0
X_21_2_1_0;0;0
X_22_2_1_0;0;0
X_23_2_1_0;0;0
X_24_2_1_0;0;0
X_25_2_1_0;0;0
X_26_2_1_0;0;0
X_27_2_1_0;0;0
X_28_2_1_0;0;0
X_29_2_1_0;0;0
X_30_2_1_0;0;0
X_31_2_1_0;0;0
X_32_2_1_0;0;0
X_33_2_1_0;0;0
X_34_2_1_0;0;0
X_35_2_1_0;0;0
X_36_2_1_0;0;0
X_37_2_1_0;0;0
X_38_2_1_0;0;0
X_39_2_1_0;0;0
X_40_2_1_0;0;0
X_41_2_1_0;0;0
X_42_2_1_0;0;0
X_43_2_1_0;0;0
X_44_2_1_0;1;1
X_0_2_1_1;0;0
X_1_2_1_1;0;0
X_2_2_1_1;0;0
X_3_2_1_1;0;0
X_4_2_1_1;0;0
X_5_2_1_1;0;0
X_6_2_1_1;0;0
X_7_2_1_1;0;0
X_8_2_1_1;0;0
X_9_2_1_1;0;0
X_10_2_1_1;0;0
X_11_2_1_1;0;0
X_12_2_1_1;0;0
X_13_2_1_1;0;0
X_14_2_1_1;0;0
X_15_2_1_1;0;0
X_16_2_1_1;0;0
X_17_2_1_1;0;0
X_18_2_1_1;0;0
X_19_2_1_1;0;0
X_20_2_1_1;0;0
X_21_2_1_1;0;0
X_22_2_1_1;0;0
X_23_2_1_1;0;0
X_24_2_1_1;0;0
X_25_2_1_1;0;0
X_26_2_1_1;0;0
X_27_2_1_1;0;0
X_28_2_1_1;0;0
X_29_2_1_1;0;0
X_30_2_1_1;0;0
X_31_2_1_1;0;0
X_32_2_1_1;0;0
X_33_2_1_1;0;0
X_34_2_1_1;0;0
X_35_2_1_1;0;0
X_36_2_1_1;0;0
X_37_2_1_1;0;0
X_38_2_1_1;0;0
X_39_2_1_1;0;0
X_40_2_1_1;0;0
X_41_2_1_1;0;0
X_42_2_1_1;0;0
X_43_2_1_1;0;0
X_44_2_1_1;0;0
X_0_2_1_2;0;0
X_1_2_1_2;0;0
X_2_2_1_2;0;0
X_3_2_1_2;0;0
X_4_2_1_2;0;0
X_5_2_1_2;0;0
X_6_2_1_2;0;0
X_7_2_1_2;0;0
X_8_2_1_2;0;0
X_9_2_1_2;0;0
X_10_2_1_2;0;0
X_11_2_1_2;0;0
X_12_2_1_2;0;0
X_13_2_1_2;0;0
X_14_2_1_2;0;0
X_15_2_1_2;0;0
X_16_2_1_2;0;0
X_17_2_1_2;0;0
X_18_2_1_2;0;0
X_19_2_1_2;0;0
X_20_2_1_2;0;0
X_21_2_1_2;0;0
X_22_2_1_2;0;0
X_23_2_1_2;0;0
X_24_2_1_2;0;0
X_25_2_1_2;0;0
X_26_2_1_2;0;0
X_27_2_1_2;0;0
X_28_2_1_2;0;0
X_29_2_1_2;0;0
X_30_2_1_2;0;0
X_31_2_1_2;0;0
X_32_2_1_2;0;0
X_33_2_1_2;0;0
X_34_2_1_2;0;0
X_35_2_1_2;0;0
X_36_2_1_2;0;0
X_37_2_1_2;0;0
X_38_2_1_2;0;0
X_39_2_1_2;0;0
X_40_2_1_2;0;0
X_41_2_1_2;0;0
X_42_2_1_2;0;0
X_43_2_1_2;0;0
X_44_2_1_2;0;0
X_0_2_1_3;0;0
X_1_2_1_3;0;0
X_2_2_1_3;0;0
X_3_2_1_3;0;0
X_4_2_1_3;0;0
X_5_2_1_3;0;0
X_6_2_1_3;0;0
X_7_2_1_3;0;0
X_8_2_1_3;0;0
X_9_2_1_3;0;0
X_10_2_1_3;0;0
X_11_2_1_3;0;0
X_12_2_1_3;0;0
X_13_2_1_3;0;0
X_14_2_1_3;0;0
X_15_2_1_3;0;0
X_16_2_1_3;0;0
X_17_2_1_3;0;0
X_18_2_1_3;0;0
X_19_2_1_3;0;0
X_20_2_1_3;0;0
X_21_2_1_3;0;0
X_22_2_1_3;0;0
X_23_2_1_3;0;0
X_24_2_1_3;0;0
X_25_2_1_3;0;0
X_26_2_1_3;0;0
X_27_2_1_3;0;0
X_28_2_1_3;0;0
X_29_2_1_3;0;0
X_30_2_1_3;0;0
X_31_2_1_3;0;0
X_32_2_1_3;0;0
X_33_2_1_3;0;0
X_34_2_1_3;0;0
X_35_2_1_3;0;0
X_36_2_1_3;0;0
X_37_2_1_3;0;0
X_38_2_1_3;0;0
X_39_2_1_3;0;0
X_40_2_1_3;0;0
X_41_2_1_3;0;0
X_42_2_1_3;0;0
X_43_2_1_3;0;0
X_44_2_1_3;0;0
X_0_2_1_4;0;0
X_1_2_1_4;0;0
X_2_2_1_4;0;0
X_3_2_1_4;0;0
X_4_2_1_4;0;0
X_5_2_1_4;0;0
X_6_2_1_4;0;0
X_7_2_1_4;0;0
X_8_2_1_4;0;0
X_9_2_1_4;0;0
X_10_2_1_4;0;0
X_11_2_1_4;0;0
X_12_2_1_4;0;0
X_13_2_1_4;0;0
X_14_2_1_4;0;0
X_15_2_1_4;0;0
X_16_2_1_4;0;0
X_17_2_1_4;0;0
X_18_2_1_4;0;0
X_19_2_1_4;0;0
X_20_2_1_4;0;0
X_21_2_1_4;0;0
X_22_2_1_4;0;0
X_23_2_1_4;0;0
X_24_2_1_4;0;0
X_25_2_1_4;0;0
X_26_2_1_4;0;0
X_27_2_1_4;0;0
X_28_2_1_4;0;0
X_29_2_1_4;0;0
X_30_2_1_4;0;0
X_31_2_1_4;0;0
X_32_2_1_4;0;0
X_33_2_1_4;0;0
X_34_2_1_4;0;0
X_35_2_1_4;0;0
X_36_2_1_4;0;0
X_37_2_1_4;0;0
X_38_2_1_4;0;0
X_39_2_1_4;0;0
X_40_2_1_4;0;0
X_41_2_1_4;0;0
X_42_2_1_4;0;0
X_43_2_1_4;0;0
X_44_2_1_4;0;0
X_0_2_1_5;0;0
X_1_2_1_5;0;0
X_2_2_1_5;0;0
X_3_2_1_5;0;0
X_4_2_1_5;0;0
X_5_2_1_5;0;0
X_6_2_1_5;0;0
X_7_2_1_5;0;0
X_8_2_1_5;0;0
X_9_2_1_5;0;0
X_10_2_1_5;0;0
X_11_2_1_5;0;0
X_12_2_1_5;0;0
X_13_2_1_5;0;0
X_14_2_1_5;0;0
X_15_2_1_5;0;0
X_16_2_1_5;0;0
X_17_2_1_5;0;0
X_18_2_1_5;0;0
X_19_2_1_5;0;0
X_20_2_1_5;0;0
X_21_2_1_5;0;0
X_22_2_1_5;0;0
X_23_2_1_5;0;0
X_24_2_1_5;0;0
X_25_2_1_5;0;0
X_26_2_1_5;0;0
X_27_2_1_5;0;0
X_28_2_1_5;0;0
X_29_2_1_5;0;0
X_30_2_1_5;0;0
X_31_2_1_5;0;0
X_32_2_1_5;0;0
X_33_2_1_5;0;0
X_34_2_1_5;0;0
X_35_2_1_5;0;0
X_36_2_1_5;0;0
X_37_2_1_5;0;0
X_38_2_1_5;0;0
X_39_2_1_5;0;0
X_40_2_1_5;0;0
X_41_2_1_5;0;0
X_42_2_1_5;0;0
X_43_2_1_5;0;0
X_44_2_1_5;0;0
X_0_2_1_6;0;0
X_1_2_1_6;0;0
X_2_2_1_6;0;0
X_3_2_1_6;0;0
X_4_2_1_6;0;0
X_5_2_1_6;0;0
X_6_2_1_6;0;0
X_7_2_1_6;0;0
X_8_2_1_6;0;0
X_9_2_1_6;0;0
X_10_2_1_6;0;0
X_11_2_1_6;0;0
X_12_2_1_6;0;0
X_13_2_1_6;0;0
X_14_2_1_6;0;0
X_15_2_1_6;0;0
X_16_2_1_6;0;0
X_17_2_1_6;0;0
X_18_2_1_6;0;0
X_19_2_1_6;0;0
X_20_2_1_6;0;0
X_21_2_1_6;0;0
X_22_2_1_6;0;0
X_23_2_1_6;0;0
X_24_2_1_6;0;0
X_25_2_1_6;0;0
X_26_2_1_6;0;0
X_27_2_1_6;0;0
X_28_2_1_6;0;0
X_29_2_1_6;0;0
X_30_2_1_6;0;0
X_31_2_1_6;0;0
X_32_2_1_6;0;0
X_33_2_1_6;0;0
X_34_2_1_6;0;0
X_35_2_1_6;0;0
X_36_2_1_6;0;0
X_37_2_1_6;0;0
X_38_2_1_6;0;0
X_39_2_1_6;0;0
X_40_2_1_6;0;0
X_41_2_1_6;0;0
X_42_2_1_6;0;0
X_43_2_1_6;0;0
X_44_2_1_6;0;0
X_0_2_2_0;0;0
X_1_2_2_0;0;0
X_2_2_2_0;0;0
X_3_2_2_0;0;0
X_4_2_2_0;0;0
X_5_2_2_0;0;0
X_6_2_2_0;0;0
X_7_2_2_0;0;0
X_8_2_2_0;0;0
X_9_2_2_0;0;0
X_10_2_2_0;0;0
X_11_2_2_0;0;0
X_12_2_2_0;0;0
X_13_2_2_0;0;0
X_14_2_2_0;0;0
X_15_2_2_0;0;0
X_16_2_2_0;0;0
X_17_2_2_0;0;0
X_18_2_2_0;0;0
X_19_2_2_0;0;0
X_20_2_2_0;0;0
X_21_2_2_0;0;0
X_22_2_2_0;0;0
X_23_2_2_0;0;0
X_24_2_2_0;0;0
X_25_2_2_0;0;0
X_26_2_2_0;0;0
X_27_2_2_0;0;0
X_28_2_2_0;0;0
X_29_2_2_0;0;0
X_30_2_2_0;0;0
X_31_2_2_0;0;0
X_32_2_2_0;0;0
X_33_2_2_0;0;0
X_34_2_2_0;0;0
X_35_2_2_0;0;0
X_36_2_2_0;0;0
X_37_2_2_0;0;0
X_38_2_2_0;0;0
X_39_2_2_0;0;0
X_40_2_2_0;0;0
X_41_2_2_0;0;0
X_42_2_2_0;0;0
X_43_2_2_0;0;0
X_44_2_2_0;0;0
X_0_2_2_1;0;0
X_1_2_2_1;0;0
X_2_2_2_1;0;0
X_3_2_2_1;0;0
X_4_2_2_1;0;0
X_5_2_2_1;0;0
X_6_2_2_1;0;0
X_7_2_2_1;0;0
X_8_2_2_1;0;0
X_9_2_2_1;0;0
X_10_2_2_1;0;0
X_11_2_2_1;0;0
X_12_2_2_1;0;0
X_13_2_2_1;0;0
X_14_2_2_1;0;0
X_15_2_2_1;0;0
X_16_2_2_1;0;0
X_17_2_2_1;0;0
X_18_2_2_1;0;0
X_19_2_2_1;0;0
X_20_2_2_1;0;0
X_21_2_2_1;0;0
X_22_2_2_1;0;0
X_23_2_2_1;0;0
X_24_2_2_1;0;0
X_25_2_2_1;0;0
X_26_2_2_1;0;0
X_27_2_2_1;0;0
X_28_2_2_1;0;0
X_29_2_2_1;0;0
X_30_2_2_1;0;0
X_31_2_2_1;0;0
X_32_2_2_1;0;0
X_33_2_2_1;0;0
X_34_2_2_1;0;0
X_35_2_2_1;0;0
X_36_2_2_1;0;0
X_37_2_2_1;0;0
X_38_2_2_1;0;0
X_39_2_2_1;0;0
X_40_2_2_1;0;0
X_41_2_2_1;0;0
X_42_2_2_1;0;0
X_43_2_2_1;0;0
X_44_2_2_1;0;0
X_0_2_2_2;0;0
X_1_2_2_2;0;0
X_2_2_2_2;0;0
X_3_2_2_2;0;0
X_4_2_2_2;0;0
X_5_2_2_2;0;0
X_6_2_2_2;0;0
X_7_2_2_2;0;0
X_8_2_2_2;0;0
X_9_2_2_2;0;0
X_10_2_2_2;0;0
X_11_2_2_2;0;0
X_12_2_2_2;0;0
X_13_2_2_2;0;0
X_14_2_2_2;0;0
X_15_2_2_2;0;0
X_16_2_2_2;0;0
X_17_2_2_2;0;0
X_18_2_2_2;0;0
X_19_2_2_2;0;0
X_20_2_2_2;0;0
X_21_2_2_2;0;0
X_22_2_2_2;0;0
X_23_2_2_2;0;0
X_24_2_2_2;0;0
X_25_2_2_2;0;0
X_26_2_2_2;0;0
X_27_2_2_2;0;0
X_28_2_2_2;0;0
X_29_2_2_2;0;0
X_30_2_2_2;0;0
X_31_2_2_2;0;0
X_32_2_2_2;0;0
X_33_2_2_2;0;0
X_34_2_2_2;0;0
X_35_2_2_2;0;0
X_36_2_2_2;0;0
X_37_2_2_2;0;0
X_38_2_2_2;0;0
X_39_2_2_2;0;0
X_40_2_2_2;0;0
X_41_2_2_2;0;0
X_42_2_2_2;0;0
X_43_2_2_2;0;0
X_44_2_2_2;0;0
X_0_2_2_3;0;0
X_1_2_2_3;0;0
X_2_2_2_3;0;0
X_3_2_2_3;0;0
X_4_2_2_3;0;0
X_5_2_2_3;0;0
X_6_2_2_3;0;0
X_7_2_2_3;0;0
X_8_2_2_3;0;0
X_9_2_2_3;0;0
X_10_2_2_3;0;0
X_11_2_2_3;0;0
X_12_2_2_3;0;0
X_13_2_2_3;0;0
X_14_2_2_3;0;0
X_15_2_2_3;0;0
X_16_2_2_3;0;0
X_17_2_2_3;0;0
X_18_2_2_3;0;0
X_19_2_2_3;0;0
X_20_2_2_3;0;0
X_21_2_2_3;0;0
X_22_2_2_3;0;0
X_23_2_2_3;0;0
X_24_2_2_3;0;0
X_25_2_2_3;0;0
X_26_2_2_3;0;0
X_27_2_2_3;0;0
X_28_2_2_3;0;0
X_29_2_2_3;0;0
X_30_2_2_3;0;0
X_31_2_2_3;0;0
X_32_2_2_3;0;0
X_33_2_2_3;0;0
X_34_2_2_3;0;0
X_35_2_2_3;0;0
X_36_2_2_3;0;0
X_37_2_2_3;0;0
X_38_2_2_3;0;0
X_39_2_2_3;0;0
X_40_2_2_3;0;0
X_41_2_2_3;0;0
X_42_2_2_3;0;0
X_43_2_2_3;0;0
X_44_2_2_3;0;0
X_0_2_2_4;0;0
X_1_2_2_4;0;0
X_2_2_2_4;0;0
X_3_2_2_4;0;0
X_4_2_2_4;0;0
X_5_2_2_4;0;0
X_6_2_2_4;0;0
X_7_2_2_4;0;0
X_8_2_2_4;0;0
X_9_2_2_4;0;0
X_10_2_2_4;0;0
X_11_2_2_4;0;0
X_12_2_2_4;0;0
X_13_2_2_4;0;0
X_14_2_2_4;0;0
X_15_2_2_4;0;0
X_16_2_2_4;0;0
X_17_2_2_4;0;0
X_18_2_2_4;0;0
X_19_2_2_4;0;0
X_20_2_2_4;0;0
X_21_2_2_4;0;0
X_22_2_2_4;0;0
X_23_2_2_4;0;0
X_24_2_2_4;0;0
X_25_2_2_4;0;0
X_26_2_2_4;0;0
X_27_2_2_4;0;0
X_28_2_2_4;0;0
X_29_2_2_4;0;0
X_30_2_2_4;0;0
X_31_2_2_4;0;0
X_32_2_2_4;0;0
X_33_2_2_4;0;0
X_34_2_2_4;0;0
X_35_2_2_4;0;0
X_36_2_2_4;0;0
X_37_2_2_4;0;0
X_38_2_2_4;0;0
X_39_2_2_4;0;0
X_40_2_2_4;0;0
X_41_2_2_4;0;0
X_42_2_2_4;0;0
X_43_2_2_4;0;0
X_44_2_2_4;0;0
X_0_2_2_5;0;0
X_1_2_2_5;0;0
X_2_2_2_5;0;0
X_3_2_2_5;0;0
X_4_2_2_5;0;0
X_5_2_2_5;0;0
X_6_2_2_5;0;0
X_7_2_2_5;0;0
X_8_2_2_5;0;0
X_9_2_2_5;0;0
X_10_2_2_5;0;0
X_11_2_2_5;0;0
X_12_2_2_5;0;0
X_13_2_2_5;0;0
X_14_2_2_5;0;0
X_15_2_2_5;0;0
X_16_2_2_5;0;0
X_17_2_2_5;0;0
X_18_2_2_5;0;0
X_19_2_2_5;0;0
X_20_2_2_5;0;0
X_21_2_2_5;0;0
X_22_2_2_5;0;0
X_23_2_2_5;0;0
X_24_2_2_5;0;0
X_25_2_2_5;0;0
X_26_2_2_5;0;0
X_27_2_2_5;0;0
X_28_2_2_5;0;0
X_29_2_2_5;0;0
X_30_2_2_5;0;0
X_31_2_2_5;0;0
X_32_2_2_5;0;0
X_33_2_2_5;0;0
X_34_2_2_5;0;0
X_35_2_2_5;0;0
X_36_2_2_5;0;0
X_37_2_2_5;0;0
X_38_2_2_5;0;0
X_39_2_2_5;0;0
X_40_2_2_5;0;0
X_41_2_2_5;0;0
X_42_2_2_5;0;0
X_43_2_2_5;0;0
X_44_2_2_5;0;0
X_0_2_2_6;0;0
X_1_2_2_6;0;0
X_2_2_2_6;0;0
X_3_2_2_6;0;0
X_4_2_2_6;0;0
X_5_2_2_6;0;0
X_6_2_2_6;0;0
X_7_2_2_6;0;0
X_8_2_2_6;0;0
X_9_2_2_6;0;0
X_10_2_2_6;0;0
X_11_2_2_6;0;0
X_12_2_2_6;0;0
X_13_2_2_6;0;0
X_14_2_2_6;0;0
X_15_2_2_6;0;0
X_16_2_2_6;0;0
X_17_2_2_6;0;0
X_18_2_2_6;0;0
X_19_2_2_6;0;0
X_20_2_2_6;0;0
X_21_2_2_6;0;0
X_22_2_2_6;0;0
X_23_2_2_6;0;0
X_24_2_2_6;0;0
X_25_2_2_6;0;0
X_26_2_2_6;0;0
X_27_2_2_6;0;0
X_28_2_2_6;0;0
X_29_2_2_6;0;0
X_30_2_2_6;0;0
X_31_2_2_6;0;0
X_32_2_2_6;0;0
X_33_2_2_6;0;0
X_34_2_2_6;0;0
X_35_2_2_6;0;0
X_36_2_2_6;0;0
X_37_2_2_6;0;0
X_38_2_2_6;0;0
X_39_2_2_6;0;0
X_40_2_2_6;0;0
X_41_2_2_6;0;0
X_42_2_2_6;0;0
X_43_2_2_6;0;0
X_44_2_2_6;0;0
X_0_2_3_0;0;0
X_1_2_3_0;0;0
X_2_2_3_0;0;0
X_3_2_3_0;0;0
X_4_2_3_0;0;0
X_5_2_3_0;0;0
X_6_2_3_0;0;0
X_7_2_3_0;0;0
X_8_2_3_0;0;0
X_9_2_3_0;0;0
X_10_2_3_0;0;0
X_11_2_3_0;0;0
X_12_2_3_0;0;0
X_13_2_3_0;0;0
X_14_2_3_0;0;0
X_15_2_3_0;0;0
X_16_2_3_0;0;0
X_17_2_3_0;0;0
X_18_2_3_0;0;0
X_19_2_3_0;0;0
X_20_2_3_0;0;0
X_21_2_3_0;0;0
X_22_2_3_0;0;0
X_23_2_3_0;0;0
X_24_2_3_0;0;0
X_25_2_3_0;0;0
X_26_2_3_0;0;0
X_27_2_3_0;0;0
X_28_2_3_0;0;0
X_29_2_3_0;0;0
X_30_2_3_0;0;0
X_31_2_3_0;0;0
X_32_2_3_0;0;0
X_33_2_3_0;0;0
X_34_2_3_0;0;0
X_35_2_3_0;0;0
X_36_2_3_0;0;0
X_37_2_3_0;0;0
X_38_2_3_0;0;0
X_39_2_3_0;0;0
X_40_2_3_0;0;0
X_41_2_3_0;0;0
X_42_2_3_0;0;0
X_43_2_3_0;0;0
X_44_2_3_0;0;0
X_0_2_3_1;0;0
X_1_2_3_1;0;0
X_2_2_3_1;0;0
X_3_2_3_1;0;0
X_4_2_3_1;0;0
X_5_2_3_1;0;0
X_6_2_3_1;0;0
X_7_2_3_1;0;0
X_8_2_3_1;0;0
X_9_2_3_1;0;0
X_10_2_3_1;0;0
X_11_2_3_1;0;0
X_12_2_3_1;0;0
X_13_2_3_1;0;0
X_14_2_3_1;0;0
X_15_2_3_1;0;0
X_16_2_3_1;0;0
X_17_2_3_1;0;0
X_18_2_3_1;0;0
X_19_2_3_1;0;0
X_20_2_3_1;0;0
X_21_2_3_1;0;0
X_22_2_3_1;0;0
X_23_2_3_1;0;0
X_24_2_3_1;0;0
X_25_2_3_1;0;0
X_26_2_3_1;0;0
X_27_2_3_1;0;0
X_28_2_3_1;0;0
X_29_2_3_1;0;0
X_30_2_3_1;0;0
X_31_2_3_1;0;0
X_32_2_3_1;0;0
X_33_2_3_1;0;0
X_34_2_3_1;0;0
X_35_2_3_1;0;0
X_36_2_3_1;0;0
X_37_2_3_1;0;0
X_38_2_3_1;0;0
X_39_2_3_1;0;0
X_40_2_3_1;0;0
X_41_2_3_1;0;0
X_42_2_3_1;0;0
X_43_2_3_1;0;0
X_44_2_3_1;0;0
X_0_2_3_2;0;0
X_1_2_3_2;0;0
X_2_2_3_2;0;0
X_3_2_3_2;0;0
X_4_2_3_2;0;0
X_5_2_3_2;0;0
X_6_2_3_2;0;0
X_7_2_3_2;0;0
X_8_2_3_2;0;0
X_9_2_3_2;0;0
X_10_2_3_2;0;0
X_11_2_3_2;0;0
X_12_2_3_2;0;0
X_13_2_3_2;0;0
X_14_2_3_2;0;0
X_15_2_3_2;0;0
X_16_2_3_2;0;0
X_17_2_3_2;0;0
X_18_2_3_2;0;0
X_19_2_3_2;0;0
X_20_2_3_2;0;0
X_21_2_3_2;0;0
X_22_2_3_2;0;0
X_23_2_3_2;0;0
X_24_2_3_2;0;0
X_25_2_3_2;0;0
X_26_2_3_2;0;0
X_27_2_3_2;0;0
X_28_2_3_2;0;0
X_29_2_3_2;0;0
X_30_2_3_2;0;0
X_31_2_3_2;0;0
X_32_2_3_2;0;0
X_33_2_3_2;0;0
X_34_2_3_2;0;0
X_35_2_3_2;0;0
X_36_2_3_2;0;0
X_37_2_3_2;0;0
X_38_2_3_2;0;0
X_39_2_3_2;0;0
X_40_2_3_2;0;0
X_41_2_3_2;0;0
X_42_2_3_2;0;0
X_43_2_3_2;0;0
X_44_2_3_2;0;0
X_0_2_3_3;0;0
X_1_2_3_3;0;0
X_2_2_3_3;0;0
X_3_2_3_3;0;0
X_4_2_3_3;0;0
X_5_2_3_3;0;0
X_6_2_3_3;0;0
X_7_2_3_3;0;0
X_8_2_3_3;0;0
X_9_2_3_3;0;0
X_10_2_3_3;0;0
X_11_2_3_3;0;0
X_12_2_3_3;0;0
X_13_2_3_3;0;0
X_14_2_3_3;0;0
X_15_2_3_3;0;0
X_16_2_3_3;0;0
X_17_2_3_3;0;0
X_18_2_3_3;0;0
X_19_2_3_3;0;0
X_20_2_3_3;0;0
X_21_2_3_3;0;0
X_22_2_3_3;0;0
X_23_2_3_3;0;0
X_24_2_3_3;0;0
X_25_2_3_3;0;0
X_26_2_3_3;0;0
X_27_2_3_3;0;0
X_28_2_3_3;0;0
X_29_2_3_3;0;0
X_30_2_3_3;0;0
X_31_2_3_3;0;0
X_32_2_3_3;0;0
X_33_2_3_3;0;0
X_34_2_3_3;0;0
X_35_2_3_3;0;0
X_36_2_3_3;0;0
X_37_2_3_3;0;0
X_38_2_3_3;0;0
X_39_2_3_3;0;0
X_40_2_3_3;0;0
X_41_2_3_3;0;0
X_42_2_3_3;0;0
X_43_2_3_3;0;0
X_44_2_3_3;0;0
X_0_2_3_4;0;0
X_1_2_3_4;0;0
X_2_2_3_4;0;0
X_3_2_3_4;0;0
X_4_2_3_4;0;0
X_5_2_3_4;0;0
X_6_2_3_4;0;0
X_7_2_3_4;0;0
X_8_2_3_4;0;0
X_9_2_3_4;0;0
X_10_2_3_4;0;0
X_11_2_3_4;0;0
X_12_2_3_4;0;0
X_13_2_3_4;0;0
X_14_2_3_4;0;0
X_15_2_3_4;0;0
X_16_2_3_4;0;0
X_17_2_3_4;0;0
X_18_2_3_4;0;0
X_19_2_3_4;0;0
X_20_2_3_4;0;0
X_21_2_3_4;0;0
X_22_2_3_4;0;0
X_23_2_3_4;0;0
X_24_2_3_4;0;0
X_25_2_3_4;0;0
X_26_2_3_4;0;0
X_27_2_3_4;0;0
X_28_2_3_4;0;0
X_29_2_3_4;0;0
X_30_2_3_4;0;0
X_31_2_3_4;0;0
X_32_2_3_4;0;0
X_33_2_3_4;0;0
X_34_2_3_4;0;0
X_35_2_3_4;0;0
X_36_2_3_4;0;0
X_37_2_3_4;0;0
X_38_2_3_4;0;0
X_39_2_3_4;0;0
X_40_2_3_4;0;0
X_41_2_3_4;0;0
X_42_2_3_4;0;0
X_43_2_3_4;0;0
X_44_2_3_4;0;0
X_0_2_3_5;0;0
X_1_2_3_5;0;0
X_2_2_3_5;0;0
X_3_2_3_5;0;0
X_4_2_3_5;0;0
X_5_2_3_5;0;0
X_6_2_3_5;0;0
X_7_2_3_5;0;0
X_8_2_3_5;0;0
X_9_2_3_5;0;0
X_10_2_3_5;0;0
X_11_2_3_5;0;0
X_12_2_3_5;0;0
X_13_2_3_5;0;0
X_14_2_3_5;0;0
X_15_2_3_5;0;0
X_16_2_3_5;0;0
X_17_2_3_5;0;0
X_18_2_3_5;0;0
X_19_2_3_5;0;0
X_20_2_3_5;0;0
X_21_2_3_5;0;0
X_22_2_3_5;0;0
X_23_2_3_5;0;0
X_24_2_3_5;0;0
X_25_2_3_5;0;0
X_26_2_3_5;0;0
X_27_2_3_5;0;0
X_28_2_3_5;0;0
X_29_2_3_5;0;0
X_30_2_3_5;0;0
X_31_2_3_5;0;0
X_32_2_3_5;0;0
X_33_2_3_5;0;0
X_34_2_3_5;0;0
X_35_2_3_5;0;0
X_36_2_3_5;0;0
X_37_2_3_5;0;0
X_38_2_3_5;0;0
X_39_2_3_5;0;0
X_40_2_3_5;0;0
X_41_2_3_5;0;0
X_42_2_3_5;0;0
X_43_2_3_5;0;0
X_44_2_3_5;0;0
X_0_2_3_6;0;0
X_1_2_3_6;0;0
X_2_2_3_6;0;0
X_3_2_3_6;0;0
X_4_2_3_6;0;0
X_5_2_3_6;0;0
X_6_2_3_6;0;0
X_7_2_3_6;0;0
X_8_2_3_6;0;0
X_9_2_3_6;0;0
X_10_2_3_6;0;0
X_11_2_3_6;0;0
X_12_2_3_6;0;0
X_13_2_3_6;0;0
X_14_2_3_6;0;0
X_15_2_3_6;0;0
X_16_2_3_6;0;0
X_17_2_3_6;0;0
X_18_2_3_6;0;0
X_19_2_3_6;0;0
X_20_2_3_6;0;0
X_21_2_3_6;0;0
X_22_2_3_6;0;0
X_23_2_3_6;0;0
X_24_2_3_6;0;0
X_25_2_3_6;0;0
X_26_2_3_6;0;0
X_27_2_3_6;0;0
X_28_2_3_6;0;0
X_29_2_3_6;0;0
X_30_2_3_6;0;0
X_31_2_3_6;0;0
X_32_2_3_6;0;0
X_33_2_3_6;0;0
X_34_2_3_6;0;0
X_35_2_3_6;0;0
X_36_2_3_6;0;0
X_37_2_3_6;0;0
X_38_2_3_6;0;0
X_39_2_3_6;0;0
X_40_2_3_6;0;0
X_41_2_3_6;0;0
X_42_2_3_6;0;0
X_43_2_3_6;0;0
X_44_2_3_6;0;0
X_0_2_4_0;0;0
X_1_2_4_0;0;0
X_2_2_4_0;0;0
X_3_2_4_0;0;0
X_4_2_4_0;0;0
X_5_2_4_0;0;0
X_6_2_4_0;0;0
X_7_2_4_0;0;0
X_8_2_4_0;0;0
X_9_2_4_0;0;0
X_10_2_4_0;0;0
X_11_2_4_0;0;0
X_12_2_4_0;0;0
X_13_2_4_0;0;0
X_14_2_4_0;0;0
X_15_2_4_0;0;0
X_16_2_4_0;0;0
X_17_2_4_0;0;0
X_18_2_4_0;0;0
X_19_2_4_0;0;0
X_20_2_4_0;0;0
X_21_2_4_0;0;0
X_22_2_4_0;0;0
X_23_2_4_0;0;0
X_24_2_4_0;0;0
X_25_2_4_0;0;0
X_26_2_4_0;0;0
X_27_2_4_0;0;0
X_28_2_4_0;0;0
X_29_2_4_0;0;0
X_30_2_4_0;0;0
X_31_2_4_0;0;0
X_32_2_4_0;0;0
X_33_2_4_0;0;0
X_34_2_4_0;0;0
X_35_2_4_0;0;0
X_36_2_4_0;0;0
X_37_2_4_0;0;0
X_38_2_4_0;0;0
X_39_2_4_0;0;0
X_40_2_4_0;0;0
X_41_2_4_0;0;0
X_42_2_4_0;0;0
X_43_2_4_0;0;0
X_44_2_4_0;0;0
X_0_2_4_1;0;0
X_1_2_4_1;0;0
X_2_2_4_1;0;0
X_3_2_4_1;0;0
X_4_2_4_1;0;0
X_5_2_4_1;0;0
X_6_2_4_1;0;0
X_7_2_4_1;0;0
X_8_2_4_1;0;0
X_9_2_4_1;0;0
X_10_2_4_1;0;0
X_11_2_4_1;0;0
X_12_2_4_1;0;0
X_13_2_4_1;0;0
X_14_2_4_1;0;0
X_15_2_4_1;0;0
X_16_2_4_1;0;0
X_17_2_4_1;0;0
X_18_2_4_1;0;0
X_19_2_4_1;0;0
X_20_2_4_1;0;0
X_21_2_4_1;0;0
X_22_2_4_1;0;0
X_23_2_4_1;0;0
X_24_2_4_1;0;0
X_25_2_4_1;0;0
X_26_2_4_1;0;0
X_27_2_4_1;0;0
X_28_2_4_1;0;0
X_29_2_4_1;0;0
X_30_2_4_1;0;0
X_31_2_4_1;0;0
X_32_2_4_1;0;0
X_33_2_4_1;0;0
X_34_2_4_1;0;0
X_35_2_4_1;0;0
X_36_2_4_1;0;0
X_37_2_4_1;0;0
X_38_2_4_1;0;0
X_39_2_4_1;0;0
X_40_2_4_1;0;0
X_41_2_4_1;0;0
X_42_2_4_1;0;0
X_43_2_4_1;0;0
X_44_2_4_1;0;0
X_0_2_4_2;0;0
X_1_2_4_2;0;0
X_2_2_4_2;0;0
X_3_2_4_2;0;0
X_4_2_4_2;0;0
X_5_2_4_2;0;0
X_6_2_4_2;0;0
X_7_2_4_2;0;0
X_8_2_4_2;0;0
X_9_2_4_2;0;0
X_10_2_4_2;0;0
X_11_2_4_2;0;0
X_12_2_4_2;0;0
X_13_2_4_2;0;0
X_14_2_4_2;0;0
X_15_2_4_2;0;0
X_16_2_4_2;0;0
X_17_2_4_2;0;0
X_18_2_4_2;0;0
X_19_2_4_2;0;0
X_20_2_4_2;0;0
X_21_2_4_2;0;0
X_22_2_4_2;0;0
X_23_2_4_2;0;0
X_24_2_4_2;0;0
X_25_2_4_2;0;0
X_26_2_4_2;0;0
X_27_2_4_2;0;0
X_28_2_4_2;0;0
X_29_2_4_2;0;0
X_30_2_4_2;0;0
X_31_2_4_2;0;0
X_32_2_4_2;0;0
X_33_2_4_2;0;0
X_34_2_4_2;0;0
X_35_2_4_2;0;0
X_36_2_4_2;0;0
X_37_2_4_2;0;0
X_38_2_4_2;0;0
X_39_2_4_2;0;0
X_40_2_4_2;0;0
X_41_2_4_2;0;0
X_42_2_4_2;0;0
X_43_2_4_2;0;0
X_44_2_4_2;0;0
X_0_2_4_3;0;0
X_1_2_4_3;0;0
X_2_2_4_3;0;0
X_3_2_4_3;0;0
X_4_2_4_3;0;0
X_5_2_4_3;0;0
X_6_2_4_3;0;0
X_7_2_4_3;0;0
X_8_2_4_3;0;0
X_9_2_4_3;0;0
X_10_2_4_3;0;0
X_11_2_4_3;0;0
X_12_2_4_3;0;0
X_13_2_4_3;0;0
X_14_2_4_3;0;0
X_15_2_4_3;0;0
X_16_2_4_3;0;0
X_17_2_4_3;0;0
X_18_2_4_3;0;0
X_19_2_4_3;0;0
X_20_2_4_3;0;0
X_21_2_4_3;0;0
X_22_2_4_3;0;0
X_23_2_4_3;0;0
X_24_2_4_3;0;0
X_25_2_4_3;0;0
X_26_2_4_3;0;0
X_27_2_4_3;0;0
X_28_2_4_3;0;0
X_29_2_4_3;0;0
X_30_2_4_3;0;0
X_31_2_4_3;0;0
X_32_2_4_3;0;0
X_33_2_4_3;0;0
X_34_2_4_3;0;0
X_35_2_4_3;0;0
X_36_2_4_3;0;0
X_37_2_4_3;0;0
X_38_2_4_3;0;0
X_39_2_4_3;0;0
X_40_2_4_3;0;0
X_41_2_4_3;0;0
X_42_2_4_3;0;0
X_43_2_4_3;0;0
X_44_2_4_3;0;0
X_0_2_4_4;0;0
X_1_2_4_4;0;0
X_2_2_4_4;0;0
X_3_2_4_4;0;0
X_4_2_4_4;0;0
X_5_2_4_4;0;0
X_6_2_4_4;0;0
X_7_2_4_4;0;0
X_8_2_4_4;0;0
X_9_2_4_4;0;0
X_10_2_4_4;0;0
X_11_2_4_4;0;0
X_12_2_4_4;0;0
X_13_2_4_4;0;0
X_14_2_4_4;0;0
X_15_2_4_4;0;0
X_16_2_4_4;0;0
X_17_2_4_4;0;0
X_18_2_4_4;0;0
X_19_2_4_4;0;0
X_20_2_4_4;0;0
X_21_2_4_4;0;0
X_22_2_4_4;0;0
X_23_2_4_4;0;0
X_24_2_4_4;0;0
X_25_2_4_4;0;0
X_26_2_4_4;0;0
X_27_2_4_4;0;0
X_28_2_4_4;0;0
X_29_2_4_4;0;0
X_30_2_4_4;0;0
X_31_2_4_4;0;0
X_32_2_4_4;0;0
X_33_2_4_4;0;0
X_34_2_4_4;0;0
X_35_2_4_4;0;0
X_36_2_4_4;0;0
X_37_2_4_4;0;0
X_38_2_4_4;0;0
X_39_2_4_4;0;0
X_40_2_4_4;0;0
X_41_2_4_4;0;0
X_42_2_4_4;0;0
X_43_2_4_4;0;0
X_44_2_4_4;0;0
X_0_2_4_5;0;0
X_1_2_4_5;0;0
X_2_2_4_5;0;0
X_3_2_4_5;0;0
X_4_2_4_5;0;0
X_5_2_4_5;0;0
X_6_2_4_5;0;0
X_7_2_4_5;0;0
X_8_2_4_5;0;0
X_9_2_4_5;0;0
X_10_2_4_5;0;0
X_11_2_4_5;0;0
X_12_2_4_5;0;0
X_13_2_4_5;0;0
X_14_2_4_5;0;0
X_15_2_4_5;0;0
X_16_2_4_5;0;0
X_17_2_4_5;0;0
X_18_2_4_5;0;0
X_19_2_4_5;0;0
X_20_2_4_5;0;0
X_21_2_4_5;0;0
X_22_2_4_5;0;0
X_23_2_4_5;0;0
X_24_2_4_5;0;0
X_25_2_4_5;0;0
X_26_2_4_5;0;0
X_27_2_4_5;0;0
X_28_2_4_5;0;0
X_29_2_4_5;0;0
X_30_2_4_5;0;0
X_31_2_4_5;0;0
X_32_2_4_5;0;0
X_33_2_4_5;0;0
X_34_2_4_5;0;0
X_35_2_4_5;0;0
X_36_2_4_5;0;0
X_37_2_4_5;0;0
X_38_2_4_5;0;0
X_39_2_4_5;0;0
X_40_2_4_5;0;0
X_41_2_4_5;0;0
X_42_2_4_5;0;0
X_43_2_4_5;0;0
X_44_2_4_5;0;0
X_0_2_4_6;0;0
X_1_2_4_6;0;0
X_2_2_4_6;0;0
X_3_2_4_6;0;0
X_4_2_4_6;0;0
X_5_2_4_6;0;0
X_6_2_4_6;0;0
X_7_2_4_6;0;0
X_8_2_4_6;0;0
X_9_2_4_6;0;0
X_10_2_4_6;0;0
X_11_2_4_6;0;0
X_12_2_4_6;0;0
X_13_2_4_6;0;0
X_14_2_4_6;0;0
X_15_2_4_6;0;0
X_16_2_4_6;0;0
X_17_2_4_6;0;0
X_18_2_4_6;0;0
X_19_2_4_6;0;0
X_20_2_4_6;0;0
X_21_2_4_6;0;0
X_22_2_4_6;0;0
X_23_2_4_6;0;0
X_24_2_4_6;0;0
X_25_2_4_6;0;0
X_26_2_4_6;0;0
X_27_2_4_6;0;0
X_28_2_4_6;0;0
X_29_2_4_6;0;0
X_30_2_4_6;0;0
X_31_2_4_6;0;0
X_32_2_4_6;0;0
X_33_2_4_6;0;0
X_34_2_4_6;0;0
X_35_2_4_6;0;0
X_36_2_4_6;0;0
X_37_2_4_6;0;0
X_38_2_4_6;0;0
X_39_2_4_6;0;0
X_40_2_4_6;0;0
X_41_2_4_6;0;0
X_42_2_4_6;0;0
X_43_2_4_6;0;0
X_44_2_4_6;0;0
 